====================================================================================================
FILE: q10_business.json
num results: 10
--------------------------------------------------------------------------------
TITLE: “We enable the world to translate weather into decisions, actions & opportunities.” With its highly accurate weather forecasts, MetGIS enables better decisions, smarter actions and new opportunities. The high resolution of the forecasts, down to 30 metres, is achieved by combining detailed terrain data with state-of-the-art weather models. This makes MetGIS one of the best weather forecasting systems in the world. As a spin-off of the University of Vienna, MetGIS is based on many years of interdisciplinary and international research projects. The quality of the developed algorithm has been verified by several worldwide verification studies and is continuously improved. MetGIS forecast maps, weather reports and intelligent interfaces (APIs) are already used by a wide range of international customers - from online weather portals and mobile applications to traffic management systems, ski resorts and open pit mines.
URL: https://metgis.com/wp-content/uploads/2025/03/firmenbeschreibung_2025_en.pdf
PUBLISHED: None
HIGHLIGHT: MetGIS GmbH Email: office@metgis.com www.metgis.com Dr. Gerald Spreitzhofer (CEO) Phone: +43 (0) 18909032

“We enable the world to translate weather into decisions, actions & opportunities.” With its highly accurate weather forecasts, MetGIS enables better decisions, smarter actions and new opportunities. The high resolution of the forecasts, down to 30 metres, is achieved by combining detailed terrain data with state-of-the-art weather models. This makes MetGIS one of the best weather forecasting systems in the world. As a spin-off of the University of Vienna, MetGIS is based on many years of
--------------------------------------------------------------------------------
TITLE: Hyper-Local Weather Alert API Market Size to Hit USD 4.35 Billion by 2034 | CAGR 13.7%
URL: https://growthmarketreports.com/report/hyper-local-weather-alert-api-market
PUBLISHED: 2025-06-28T00:00:00.000Z
HIGHLIGHT: Deployment mode is a critical consideration in the Hyper-Local Weather Alert API market, with organizations choosing between cloud-based and on-premises solutions based on their operational requirements, security needs, and scalability goals. Cloud-based deployment has emerged as the dominant model, offering unparalleled flexibility, rapid implementation, and cost efficiency. Enterprises and developers can access hyper-local weather APIs on-demand, scaling usage up or down as needed without significant capital investment in infrastructure. This model is particularly attractive for startups, SM
--------------------------------------------------------------------------------
TITLE: Global Weather API Supply, Demand and Key Producers, 2026-2032
URL: https://pdf.marketpublishers.com/globalinfo/global-weather-api-gir.pdf
PUBLISHED: None
HIGHLIGHT: The global Weather API market size is expected to reach $ 1389 million by 2032, rising 
at a market growth of 5.0% CAGR during the forecast period (2026-2032). 
To address the problems of fragmented weather data sources, delayed updates, and 
difficulty integrating data into various applications, weather APIs have emerged. Since 
the popularization of internet services and open interface concepts in the early 21st 
century, real-time, structured weather data interfaces have quickly become one of the 
basic infrastructures of digital services. Today, weather APIs have developed into a 
multi-la
--------------------------------------------------------------------------------
TITLE: Weather API Market 2026 to 2034
URL: https://www.intelmarketresearch.com/global-weather-api-forecast-market-market-27049
PUBLISHED: None
HIGHLIGHT: Weather APIs are standardized interfaces that provide real‑time, historical, and forecasted weather data to businesses and developers. These services aggregate inputs from ground stations, satellites and radar systems, delivering structured outputs that power applications in agriculture, logistics, energy management and smart‑city planning. Core capabilities include hyper‑local forecasts, severe‑weather alerts and climate trend analytics.
...
Analyst Note The current landscape balances rapid technology adoption with lingering concerns over data reliability and regulatory compliance. While AI m
--------------------------------------------------------------------------------
TITLE: WEATHER API s    ULTRA PRECISE, EASY AND FAST INTEGRATION!
URL: https://weatherapi.metgis.com/overview/
PUBLISHED: None
HIGHLIGHT: "Met" stands - unsurprisingly - for meteorology."GIS" is the abbreviation for geographic information systems.And that's exactly what makes MetGIS forecasts so good.Weather data is enriched with detailed terrain data.This improves the forecasts enormously, especially in difficult terrain.
...
It all began as a university-based research project. Ten years later experts from Europe, Russia, South America and Japan had developed the MetGIS algorithms. Several verification studies displayed a baffling accuracy. When more and more customers started knocking on the door MetGIS was founded.
...
From o
--------------------------------------------------------------------------------
TITLE: How Does Meteomatics Company Work? – businessmodelcanvastemplate.com
URL: https://businessmodelcanvastemplate.com/blogs/how-it-works/meteomatics-how-it-works
PUBLISHED: 2025-07-11T23:44:26.000Z
HIGHLIGHT: Meteomatics delivers value through its sophisticated weather data and forecasting services. It primarily serves industries that are heavily reliant on weather conditions, such as energy, trading, and various weather-dependent sectors. The core offerings include a powerful weather data API, customized weather solutions, and specialized forecasts for niche applications.
...
B2B clients
...
Meteomatics offers a weather
...
, customized weather
...
, and specialized forecasts. These
...
industry needs, including renewable energy, agriculture, and aviation. The company's focus is on providing granu
--------------------------------------------------------------------------------
TITLE: Aethra Tech — Weather & geospatial data infrastructure
URL: https://aethra.dev/
PUBLISHED: None
HIGHLIGHT: Aethra Tech — Weather & geospatial data infrastructure
...
Weather API — public beta
...
# Weather data infrastructure,built in Europe
...
Power your applications with accurate forecasts from HYPERION, our proprietary weather engine. GDPR-compliant, developer-friendly, production-ready.
...
## Weather and geospatial data, packaged four ways.
...
One engine. Four surfaces. Pick the integration that fits — a raw API, a consumer site, a drop-in widget, or direct access to the forecasting engine itself.
...
### Weather API
...
Enterprise-grade weather data via REST API.
...
- Global coverage, 8-da
--------------------------------------------------------------------------------
TITLE: WeatherLens — Investor Overview | The Weather Confidence Layer
URL: https://www.weatherlens.dev/investors
PUBLISHED: None
HIGHLIGHT: Every weather app shows a forecast. None of them tell you how much to trust it. WeatherLens is building the accuracy-scoring and climate intelligence layer that turns raw weather data into decision-ready signals — for developers, enterprises, and automated systems that need to act on weather, not just display it.
...
$13.5B weather data market by 2030
...
91K+ forecast-vs-actual pairs
...
5 verticals clear enterprise expansion paths
...
Every major weather API — OpenWeatherMap, Tomorrow.io, IBM Weather — serves raw forecast output with zero accountability for accuracy. There is no Yelp for wea
--------------------------------------------------------------------------------
TITLE: Tomorrow.io Review: Is It Legit & Worth It?
URL: https://www.observationdata.com/reviews/tomorrow-io/
PUBLISHED: 2026-06-18T09:04:22.000Z
HIGHLIGHT: Pathfinder R
...
Tomorrow.io’s Weather API is available to developers via a self-serve free tier at app.tomorrow.io.
...
sounder profiles
...
enterprise Resilience Platform are sold
...
direct sales contract, with government use cases, including defense and national security intelligence, handled through dedicated engagement channels. NOAA’s operational ingestion of sounder data into AWIPS2 confirms compliance with US government data-quality standards.
...
The Weather API exposes 80-plus data layers and includes a free tier accessible via self-serve registration at app.tomorrow.io. Enterprise 
--------------------------------------------------------------------------------
TITLE: WindBorne’s AI beats the government’s weather forecasts. Making money from them is the harder problem
URL: https://thenextweb.com/news/windborne-37m-series-b-weather-ai-balloons
PUBLISHED: 2026-08-06T00:00:00.000Z
HIGHLIGHT: WindBorne flies 600 balloons and runs an AI model that out-forecasts government agencies. Its $37 million Series B is a bet that AI can finally turn accurate weather into a business.
...
WindBorne Systems has raised $37 million to sell something it has already proven it can build: weather forecasts that beat the government’s. The Series B, reported by TechCrunch, was co-led by Khosla Ventures and Galvanize and values the company at $250 million. It takes WindBorne’s total funding past $62 million.
...
The forecasting is the easy part now. Turning it into a business is the hard one.
...
WindBor
====================================================================================================
FILE: q11_downscaling.json
num results: 10
--------------------------------------------------------------------------------
TITLE: From Global to Local: Efficient Regional Weather Downscaling with Global Weather Foundation Model
URL: https://arxiv.org/html/2607.03279
PUBLISHED: 2026-07-03T00:00:00.000Z
HIGHLIGHT: Accurate regional weather prediction requires resolving fine-scale structure while remaining consistent with global dynamics. Traditional limited area models rely on computationally expensive simulations, while many learning-based approaches frame the problem as super-resolution, overlooking statistical and physical mismatches across scales. We propose a foundation-model-driven downscaling framework that learns regional refinements of global forecasts by augmenting a pretrained weather model backbone with lightweight, multi-scale prediction heads operating directly in its latent space. Despite
--------------------------------------------------------------------------------
TITLE: High-resolution downscaling with interpretable deep learning: Rainfall extremes over New Zealand
URL: https://www.sciencedirect.com/science/article/pii/S2212094722001049
PUBLISHED: None
HIGHLIGHT: The gap in resolution between existing global climate model output and that sought by decision-makers drives an ongoing need for climate downscaling. Here we test the extent to which developments in deep learning can out-perform existing statistical approaches for downscaling historical rainfall in the highly complex terrain setting of New Zealand. While deep learning removes the need for manual feature selection when extracting spatial-temporal information from predictor fields, several key considerations need to be addressed. These include: the chosen complexity of the network architecture, 
--------------------------------------------------------------------------------
TITLE: A super-resolution framework for downscaling machine learning weather prediction toward 1-km air temperature | npj Climate and Atmospheric Science
URL: https://www.nature.com/articles/s41612-026-01328-5
PUBLISHED: 2026-01-26T00:00:00.000Z
HIGHLIGHT: Artificial intelligence has improved the accuracy and efficiency of weather forecasting, surpassing traditional numerical weather prediction models. However, the coarse spatial resolution of global weather forecasting systems limits their ability to capture fine-scale surface heterogeneity and localized extremes, particularly in regions with complex terrain or urban heat island effects. Here, we introduce SR-Weather, a deep learning-based super-resolution framework that converts coarse 0.25° forecasts into 1-km surface air temperature fields using MODIS-derived temperature targets and high-res
--------------------------------------------------------------------------------
TITLE: Emulating the Adaptation of Wind Fields to Complex Terrain with Deep Learning
URL: https://journals.ametsoc.org/view/journals/aies/2/1/AIES-D-22-0034.1.pdf
PUBLISHED: None
HIGHLIGHT: ABSTRACT: Estimating the impact of wind-driven snow transport requires modeling wind fields with a lower grid spac ing than the spacing on the order of 1 or a few kilometers used in the current numerical weather prediction (NWP) systems. In this context, we introduce a new strategy to downscale wind fields from NWP systems to decametric scales, using high resolution (30 m) topographic information. Our method (named “DEVINE”) is leveraged on a convolutional neural net work (CNN), trained to replicate the behavior of the complex atmospheric model ARPS, and was previously run on a large number (7
--------------------------------------------------------------------------------
TITLE: Reconstructing fine-scale 3D wind fields with terrain-informed machine learning | Nature Communications
URL: https://www.nature.com/articles/s41467-026-70562-5
PUBLISHED: 2026-03-09T00:00:00.000Z
HIGHLIGHT: averaged out. Here we introduce FuXi-CFD, a machine learning-based framework designed to generate detailed three-dimensional (3D) near-surface wind fields at 30-meter horizontal resolution, using only coarse-resolution atmospheric inputs and high-resolution terrain information. The model is trained on a large-scale dataset generated via computational fluid dynamics (CFD), encompassing a wide range of terrain types and inflow conditions. Although relying only on horizontal wind inputs, FuXi-CFD infers the full 3D wind
...
In recent years, machine-learning-based downscaling has attracted growing
--------------------------------------------------------------------------------
TITLE: ibm-granite/granite-geospatial-wxc-downscaling · Hugging Face
URL: https://huggingface.co/ibm-granite/granite-geospatial-wxc-downscaling
PUBLISHED: None
HIGHLIGHT: ibm-granite/granite-geospatial-wxc-downscaling · Hugging Face

# Model card for granite-geospatial-wxc-downscaling

`granite-geospatial-wxc-downscaling` is a fine-tuned foundation model for the downscaling of weather and climate data. It is based on the Prithvi WxC foundation model.`granite-geospatial-downscaling` has been used to downscale both MERRA-2 data, ECCC data as well as EURO-CORDEX climate simulations. The weights for the former are included here.

6x downscaling of MERRA-2 2m temperature

8x downscaling of ECCC's u10 wind component

More information: Code, base model, paper (to appe
--------------------------------------------------------------------------------
TITLE: Spatially-Coherent Probabilistic Downscaling of Daily Precipitation in Ungauged Mountain Locations: a Transfer Learning Study in the Swiss Alps and the Langtang Valley, Nepal.
URL: https://doi.org/10.5194/egusphere-egu24-15911
PUBLISHED: 2024-03-09T00:00:00.000Z
HIGHLIGHT: # Spatially-Coherent Probabilistic Downscaling of Daily Precipitation in Ungauged Mountain Locations: a Transfer Learning Study in the Swiss Alps and the Langtang Valley, Nepal.

Published: 2024-03-09. 0 citations.

## Abstract

Accurate downscaling of daily precipitation is crucial for hydrological and climate modeling, especially in regions with complex terrain and a lack of observational data. In such regions, climate reanalysis are not reliable and thus accurate downscaling is usually limited to those locations captured by a (discrete) network of in-situ measurements instead. For this reas
--------------------------------------------------------------------------------
TITLE: Benchmarking the geographic generalization of deep learning models for precipitation downscaling
URL: https://doi.org/10.1038/s41598-025-34557-4
PUBLISHED: 2026-01-27T00:00:00.000Z
HIGHLIGHT: Earth System Models (ESM) are our main tool for projecting the impacts of climate change. However, running these models at sufficient resolution for local-scale risk-assessments is not computationally feasible. Deep learning-based super-resolution models offer a promising solution to downscale ESM outputs to higher resolutions by learning from data. Yet, due to regional variations in climatic processes, these models typically require retraining for each geographical area-demanding highresolution observational data, which is unevenly available across the globe. This highlights the need to asses
--------------------------------------------------------------------------------
TITLE: Intercomparison of Machine Learning Models for Spatial Downscaling of Daily Mean Temperature in Complex Terrain
URL: https://doi.org/10.3390/atmos15091085
PUBLISHED: 2024-09-07T00:00:00.000Z
HIGHLIGHT: We compare three machine learning models-artificial neural network (ANN), random forest (RF), and convolutional neural network (CNN)-for spatial downscaling of temperature at 2 m above ground (T2M) from a 9 km ERA5-Land reanalysis to 1 km in a complex terrain area, including the Non Valley and the Adige Valley in the Italian Alps. The results suggest that CNN performs better than the other methods across all seasons. RF performs similar to CNN, particularly in spring and summer, but its performance is reduced in winter and autumn. The best performance was observed in summer for CNN (R 2 = 0.94
--------------------------------------------------------------------------------
TITLE: Emulating the Adaptation of Wind Fields to Complex Terrain with Deep Learning
URL: https://doi.org/10.1175/aies-d-22-0034.1
PUBLISHED: 2022-12-27T00:00:00.000Z
HIGHLIGHT: fields with a lower grid spacing than the spacing on the order of 1 or a few kilometers used in the current numerical weather prediction (NWP) systems. In this context, we introduce a new strategy to downscale wind fields from NWP systems to decametric scales, using highresolution (30 m) topographic information. Our method (named "DEVINE") is leveraged on a convolutional neural network (CNN), trained to replicate the behavior of the complex atmospheric model ARPS, and was previously run on a large number (7279) of synthetic Gaussian topographies under controlled weather conditions. A 10-fold c
====================================================================================================
FILE: q12_frostdata.json
num results: 10
--------------------------------------------------------------------------------
TITLE: Spatial Downscaling of Daily Temperature Minima Using Machine Learning Methods and Application to Frost Forecasting in Two Alpine Valleys
URL: https://doi.org/10.3390/atmos16010038
PUBLISHED: 2025-01-01T00:00:00.000Z
HIGHLIGHT: Mountainous terrains are characterized by diverse climatic conditions with distinct features from surrounding lowland areas [20, 21] . Complex terrains often exhibit characteristic weather patterns such as katabatic and anabatic winds, thermal inversions, and the formation of microclimates. Clear skies allow enhanced heating and cooling of the surface, which leads to strong insolation in the daytime and stronger radiative loss in the nights, leading to minimum temperatures [22, 23] . Typically, air flows upslope during the day and downslope during the night, with transitional reversal at sunri
--------------------------------------------------------------------------------
TITLE: Seefeld Cold-Air Pool Experiment (SEECAP): Meteorological Measurement Data | Zenodo
URL: https://zenodo.org/records/13838143
PUBLISHED: 2024-09-25T00:00:00.000Z
HIGHLIGHT: The Seefeld Cold-Air Pool Experiment (SEECAP) focused on the cross-country skiing area Olympiaregion Seefeld and in particular the topographic setting in the Nordic ski arena which favors the formation of cold-air pools and took place between December 2019 and March 2020. Six automatic weather stations and 41 unventilated temperature sensors were distributed within the valley to gain insight into the spatial structure of the cold-air pool in Seefeld. The study site as well as locations and instrumentation of each station are described in Rudolph (2022) and Rauchöcker et al. (2024d). This uploa
--------------------------------------------------------------------------------
TITLE: LATE FROST EVENTS IN AN ALPINE VALLEY: MEASUREMENTS AND CHARACTERISATION OF THE PROCESS
URL: https://hrcak.srce.hr/clanak/96877
PUBLISHED: 2005-12-15T16:32:08.000Z
HIGHLIGHT: LATE FROST EVENTS IN AN ALPINE VALLEY: MEASUREMENTS AND CHARACTERISATION OF THE PROCESS Skoči na glavni sadržaj

#### Hrvatski meteorološki časopis, Vol. 40 No. 40, 2005.

Izvorni znanstveni članak

LATE FROST EVENTS IN AN ALPINE VALLEY: MEASUREMENTS AND CHARACTERISATION OF THE PROCESS

M. de Franceschi ; Department of Civil and Environmental Engineering - University of Trento via Mesiano, 77 38050 Trento - Italy M. Sitta ; Department of Civil and Environmental Engineering - University of Trento via Mesiano, 77 38050 Trento - Italy D. Zardi ; Department of Civil and Environmental Engineering -
--------------------------------------------------------------------------------
TITLE: Development of a Spatial Methodology for Minimum Temperature Estimation for Early Frost Management in Agricultural Areas of Central Macedonia
URL: https://doi.org/10.3390/eesp2025035055
PUBLISHED: 2025-09-29T00:00:00.000Z
HIGHLIGHT: This research develops a reliable methodology for estimating minimum temperature distri bution in agricultural areas, focusing on frost conditions threatening crop production. The data was collected across the plain of Krya Vrysi in Central Macedonia. The approach uses linear regression equations between daily minimum temperatures from a central station and 12 autonomous temperature sensors with data loggers. Statistical analysis covered winter 2023–2024, with 2025 validation showing exceptional predictive capability—R2 val ues of 0.97–0.99 and RMSE of 0.34–0.58 ◦C. Spatial interpolation emplo
--------------------------------------------------------------------------------
TITLE: High-resolution weather network reveals a high spatial variability in air temperature in the Central valley of California with implications for crop and pest management | PLOS One
URL: https://journals.plos.org/plosone/article?id=10.1371%2Fjournal.pone.0267607
PUBLISHED: 2022-05-19T08:56:52.000Z
HIGHLIGHT: Weather is the most important driver of crop development. However, spatial variability in weather makes it hard to obtain reliable high resolution datasets across large areas. Most growers rely on data from a single station that can be up to 50km away to make decisions about irrigation, pest management and penology-associated cultural practices at the block level. In this regard, we hypothesize that kriging a large network of weather stations can improve thermal time data quality compared to using the closest station. This study aims to explore the spatial variability in California’s Central V
--------------------------------------------------------------------------------
TITLE: Weather with AgWeatherNet: Daily Frost Forecasts and Risk Mitigation Decision Support Tools | WSU Tree Fruit | Washington State University
URL: https://treefruit.wsu.edu/article/weather-with-agweathernet-daily-frost-forecasts-and-risk-mitigation-decision-support-tools/
PUBLISHED: None
HIGHLIGHT: The current AWN Frost Forecast Program, supported financially in part by Washington State Tree Fruit Association, is committed to delivering frost-risk assessments to growers throughout the Central Basin and the Yakima, Wenatchee, and Okanogan valleys. This enables well-informed decision making regarding the implementation of active frost mitigation methods (e.g., wind machines, heaters, under- and over-tree sprinklers).
...
The daily frost-risk assessments are determined by taking into account the current bud stages of several tree fruit varieties, in addition to the synoptic, mesoscale, and 
--------------------------------------------------------------------------------
TITLE: Topoclimatic Graph Dataset for Frost Prediction in the Cundiboyacense Altiplano, Colombia
URL: https://doi.org/10.5281/zenodo.20616865
PUBLISHED: 2017-12-06T00:00:00.000Z
HIGHLIGHT: # Topoclimatic Graph Dataset for Frost Prediction in the Cundiboyacense Altiplano, Colombia

Zenodo (CERN European Organization for Nuclear Research). Published: 2017-12-06. Dataset. 0 citations.

## Abstract

This deposit contains the public release of a topoclimatic graph dataset for frost prediction in the Cundiboyacense Altiplano, Colombia. The release includes cleaned 30 min meteorological time series from 23 agricultural weather stations, frost-related labels, static environmental descriptors derived from topography, climatological context, land-cover composition, and 1 km buffer-based r
--------------------------------------------------------------------------------
TITLE: Andre031222/frost-prediction-altiplano-puno
URL: https://github.com/Andre031222/frost-prediction-altiplano-puno
PUBLISHED: None
HIGHLIGHT: Reproducible code, data and notebooks for a twelve-model benchmark of statistical,
machine learning and deep learning approaches to daily minimum temperature and
frost prediction over the Puno Altiplano (3,808–4,470 m a.s.l.).
...
Frost is the main climate hazard for agriculture in the Peruvian highlands: it affects
roughly 74% of rural communities in the Puno region, with up to 180 frost nights per
year and minimum temperatures down to -25.7 °C at Mazocruz. The study asks whether
machine learning and deep learning can outperform traditional statistical forecasting
under extreme high-altitude 
--------------------------------------------------------------------------------
TITLE: Meteorological Data for Frost Prediction in Peru
URL: https://www.kaggle.com/datasets/abadpomamaquera/meteorological-data-for-frost-prediction-in-peru
PUBLISHED: None
HIGHLIGHT: This dataset contains processed meteorological variables used for frost occurrence prediction in high-Andean regions of Peru. The data were compiled and prepared for supervised machine learning classification tasks, specifically focused on frost risk analysis.
...
The dataset integrates atmospheric and geographic variables commonly associated with frost formation, including air temperature, dew point, relative humidity, wind speed, radiation balance, and altitude. These variables were selected based on their relevance in agroclimatic and environmental studies.
...
Two versions of the dataset a
--------------------------------------------------------------------------------
TITLE: Propensity of cold air drainage index and related variables | USGS Science Data Catalog
URL: https://data.usgs.gov/datacatalog/data/USGS:60f05a36d34e93b366705003
PUBLISHED: None
HIGHLIGHT: Propensity of cold air drainage index and related variables | USGS Science Data Catalog

## Spatial Extent of Data

## USGS Data Source

Geosciences and Environmental Change Science Center

## Other Subject Keywords

outgoing longwave radiation, emissivity, carbon dioxide

## Place Keywords

Amazonia, Oregon, H J Andrews Experimental Forest, Finland

## Propensity of cold air drainage index and related variables

Cold air drainage down slopes may form cold air pools in valleys and surface depressions. These cold air pools can significantly affect ecosystem processes, agricultural crops, and ai
====================================================================================================
FILE: q1_wildfire.json
num results: 9
--------------------------------------------------------------------------------
TITLE: Coupled Weather-Fire Modeling | Research Applications Laboratory
URL: https://ral.ucar.edu/wsap/coupled-weather-fire-modeling
PUBLISHED: None
HIGHLIGHT: To fight wildland fires, decision makers need reliable, accurate, frequently updated, readily accessible, geo-referenced information about current and predicted weather and fire behavior. With this information, decision makers can better determine how a fire is behaving now and might behave in the future. Reliable information about the potential for a fire to spread rapidly and behave erratically is essential for saving life and property.
...
Currently, operational systems that predict how wildland fires move and behave are not coupled interactively to numerical weather prediction (NWP) models
--------------------------------------------------------------------------------
TITLE: Wind and Slope Effects on Wildland Fire Spread: A Review of Experimental, Empirical, Mathematical, and Physics-Based Models
URL: https://doi.org/10.3390/fire9030100
PUBLISHED: 2026-02-25T00:00:00.000Z
HIGHLIGHT: Wildland fire behaviour is strongly governed by the coupled effects of wind and terrain slope, yet the literature remains fragmented across experimental, empirical, mathematical, and physics-based modelling traditions. A systematic scoping review with narrative synthesis was performed (Web of Science, Scopus, and Google Scholar plus citation chaining), screening studies for explicit wind-slope treatment with reported forcings and outcomes. Across more than 150 studies, slope benches, wind tunnels, trenches/canyons, and field burns show that upslope-wind alignment promotes flame attachment and 
--------------------------------------------------------------------------------
TITLE: A vector-based dynamic coupling approach for optimized wind–fire spread modeling - ScienceDirect
URL: https://www.sciencedirect.com/science/article/abs/pii/S0304380026000955
PUBLISHED: 2026-06-01T12:19:54.000Z
HIGHLIGHT: Forest fire spread is governed by the interactions of fuel, topography, and meteorological factors. Among these, wind is often the dominant driver, exerting a strong influence on the speed, direction, and intensity of fire propagation (Meng et al., 2023). Its variability and unpredictability introduce significant uncertainty into fire behavior, often leading to abrupt changes in the fire front (Hung et al., 2024; Jellouli and Bernoussi, 2022; Shan et al., 2014).
...
, 2021). These bidirectional interactions form the basis of wind-fire coupling, in which wind shapes fire behavior, while the fir
--------------------------------------------------------------------------------
TITLE: Dynamic fire-atmosphere interaction in the 2020 Montana Bridger Foothills Wildfire as revealed by WRF-SFIRE simulations | npj Natural Hazards
URL: https://preview-www.nature.com/articles/s44304-025-00132-0
PUBLISHED: 2025-07-31T00:00:00.000Z
HIGHLIGHT: Understanding and predicting wildfire behavior is critical for fire containment, emergency response and other mitigation measures. However, wildfire behavior is driven by a suite of complex chemical and physical processes, which are influenced by a range of associated factors, such as meteorology and climate1,2,3,4,5,6,7,8,9, 10, fuels 11, landuse 12 and terrain 7, 13, 14. To complicate matters further, these factors can often interact with each other (and the fire) to produce distinctly dynamic fire behaviors that are difficult to predict 12, 15, 16. This includes several modes of atypical fi
--------------------------------------------------------------------------------
TITLE: Dynamic fire-atmosphere interaction in the 2020 Montana Bridger Foothills Wildfire as revealed by WRF-SFIRE simulations
URL: https://doi.org/10.1038/s44304-025-00132-0
PUBLISHED: 2025-07-31T00:00:00.000Z
HIGHLIGHT: Understanding and predicting wildfire behavior is critical for fire containment, emergency response and other mitigation measures. However, wildfire behavior is driven by a suite of complex chemical and physical processes, which are influenced by a range of associated factors, such as meteorology and climate [1] [2] [3] [4] [5] [6] [7] [8] [9] [10] , fuels 11 , landuse 12 and terrain 7, 13, 14 . To complicate matters further, these factors can often interact with each other (and the fire) to produce distinctly dynamic fire behaviors that are difficult to predict 12, 15, 16 . This includes seve
--------------------------------------------------------------------------------
TITLE: The effect of terrain-influenced winds on fire spread in QUIC-Fire (Journal Article) | OSTI.GOV
URL: https://www.osti.gov/biblio/1985020
PUBLISHED: 2023-06-05T14:14:05.000Z
HIGHLIGHT: The effect of terrain-influenced winds on fire spread in QUIC-Fire (Journal Article) | OSTI.GOV
...
# The effect of terrain-influenced winds on fire spread in QUIC-Fire
...
Here in this manuscript, we describe the implementation of the terrain-following version of QUIC-URB into QUIC-Fire and a demonstration of the impacts of terrain-influenced winds on QUIC-Fire-simulated fire spread. No changes to the underlying QUIC-Fire fire spread algorithm were made other than what was required to correctly account for the inclusion of terrain. This paper summarizes simulations used to understand how the 
--------------------------------------------------------------------------------
TITLE: An integrated mathematical framework for wind dynamics, wildfire spread, and smoke dispersion: Insights from a case study
URL: https://doi.org/10.1016/j.cnsns.2026.109870
PUBLISHED: 2026-02-20T00:00:00.000Z
HIGHLIGHT: # An integrated mathematical framework for wind dynamics, wildfire spread, and smoke dispersion: Insights from a case study
...
• A coupled wind-fire-smoke simulation tool with a mathematical basis is presented. • The wind model is based on an asymptotic approximation of the Navier–Stokes equations. • The fire model is a simplified 2D physical approach based on conservation equations. • The smoke model is a non-reactive Eulerian multilayer air dispersion model. • The tool is integrable into any GIS through processes based on GDAL. A fire spread and smoke dispersion tool is presented. The tool 
--------------------------------------------------------------------------------
TITLE: A comparison of three approaches for simulating fine-scale surface winds in support of wildland fire management. Part I. Model formulation and comparison against measurements | International Journal of Wildland Fire | ConnectSci
URL: https://connectsci.au/wf/article/23/7/969/20991/A-comparison-of-three-approaches-for-simulating
PUBLISHED: 2014-08-18T19:57:29.000Z
HIGHLIGHT: A comparison of three approaches for simulating fine-scale surface winds in support of wildland fire management. Part I. Model formulation and comparison against measurements | International Journal of Wildland Fire | ConnectSci
...
A comparison of three approaches for simulating fine-scale surface winds in support of wildland fire management. Part I. Model formulation and comparison against measurements
...
For this study three types of wind models have been defined for simulating surface wind flow in support of wildland fire management: (1) a uniform wind field (typically acquired from coars
--------------------------------------------------------------------------------
TITLE: QUIC-URB and QUIC-fire extension to complex terrain: Development of a terrain-following coordinate system (Journal Article) | OSTI.GOV
URL: https://www.osti.gov/pages/biblio/1900496
PUBLISHED: 2022-11-15T08:40:46.000Z
HIGHLIGHT: Ensemble-based approaches to prescribed fire planning cannot be supported by CFD-based models like FIRETEC and WFDS because they are too computationally expensive and cannot leverage LES approaches like CAWFE and WRF-SFIRE because too coarse of resolution. QUIC-Fire was developed to fill this gap but it cannot currently address complex terrain, typical for instance of the Western United States. In this paper, we describe the extension of the diagnostic wind model QUIC-URB, the wind engine of QUIC-Fire, to a terrain-following coordinate system. In particular, the paper presents the mathematical
====================================================================================================
FILE: q2_hydro.json
num results: 10
--------------------------------------------------------------------------------
TITLE: NHESS - Enhancing long-term reservoir inflow forecasting: an integrated approach combining switch prediction method, ensemble rainfall forecasts, and machine learning techniques
URL: https://nhess.copernicus.org/articles/26/3085/2026/
PUBLISHED: 2026-07-03T00:00:00.000Z
HIGHLIGHT: Accurate long lead-time reservoir inflow forecasting under typhoon conditions remains a significant challenge due to the high uncertainty in rainfall predictions and the complex rainfall–runoff processes. This study makes a unique contribution by evaluating the effectiveness of the Switch Prediction Method (SPM) in integrating ensemble rainfall forecasts, significantly improving the accuracy of long-term inflow forecasting for reservoirs – a crucial aspect of hydrological forecasting. The proposed approach combines Numerical Weather Prediction (NWP) data with machine learning techniques, speci
--------------------------------------------------------------------------------
TITLE: Assessing the potential of deep learning-based dam inflow forecasting in a heavy snowfall region of Japan using reanalysis and satellite-derived snow cover data
URL: https://doi.org/10.3178/hrl.26-00002
PUBLISHED: 2026-01-01T00:00:00.000Z
HIGHLIGHT: This study evaluated the potential skill of deep learningbased dam inflow forecasting during the snowmelt season using ERA5-Land reanalysis data, which served as a reference dataset sharing the numerical modeling framework of medium-range forecasts while avoiding the error growth inherent in actual forecasting. We also assessed the added value of incorporating snow cover area (SCA) from the Moderate Resolution Imaging Spectroradiometer (MODIS) at each lead time. Daily inflow forecasts with lead times of 1-10 days were generated for the Yagisawa Dam, located in a heavy snowfall region in Japan,
--------------------------------------------------------------------------------
TITLE: HESS - Evaluation of hydrological models on small mountainous catchments: impact of the meteorological forcings
URL: https://hess.copernicus.org/articles/28/261/2024/
PUBLISHED: 2024-01-18T00:00:00.000Z
HIGHLIGHT: This paper aims to evaluate the performances of different combinations of hydrological models and precipitation reanalyses for the reproduction of streamflow in small mountainous catchments. This evaluation is carried out on 55 catchments located in the northern French Alps. Two hydrological models representing some of the key processes for small mountainous catchments are tested. Four different meteorological products with fine spatial and temporal resolutions are used as the inputs of these hydrological models. These different reanalyses assimilate different data information and provide diff
--------------------------------------------------------------------------------
TITLE: Predicting Hydro Reservoir Inflows with AI Techniques using Radar Data and a Numerical Weather Prediction Model
URL: https://doi.org/10.1109/pedg61800.2024.10667365
PUBLISHED: 2024-06-23T00:00:00.000Z
HIGHLIGHT: # Predicting Hydro Reservoir Inflows with AI Techniques using Radar Data and a Numerical Weather Prediction Model
...
Reducing the gap between renewable energy needs and supply is crucial to achieve sustainable growth. Hydroelectric power production predictions in several Madeira Island catchment regions are shown in this article using Long Short-Term Memory, LSTM, networks. In order to foresee hydro reservoirs inflows, our models take into account the island's dynamic precipitation and flow rates and simplify the process of water moving from the cloud to the turbine. The model developed for t
--------------------------------------------------------------------------------
TITLE: Explainable machine learning model for multi-step forecasting of reservoir inflow with uncertainty quantification (Journal Article) | OSTI.GOV
URL: https://www.osti.gov/biblio/2203818
PUBLISHED: 2023-10-09T15:14:29.000Z
HIGHLIGHT: Explainable machine learning model for multi-step forecasting of reservoir inflow with uncertainty quantification (Journal Article) | OSTI.GOV
...
# Explainable machine learning model for multi-step forecasting of reservoir inflow with uncertainty quantification
...
We propose an explainable machine learning (ML) model with uncertainty quantification (UQ) to improve multi-step reservoir inflow forecasting. Traditional ML methods have challenges in forecasting inflows multiple days ahead, and lack explainability and UQ. To address these limitations, we introduce an encoder–decoder long short-te
--------------------------------------------------------------------------------
TITLE: Enhancing Multi-Step Reservoir Inflow Forecasting: A Time-Variant Encoder–Decoder Approach
URL: https://doi.org/10.3390/geosciences15080279
PUBLISHED: 2025-07-24T00:00:00.000Z
HIGHLIGHT: enable operators to optimize storage and release strategies to meet competing sectoral demands-such as water supply, irrigation, and hydropower scheduling-while also mitigating flood and drought risks. To address this need, in this study, we propose a novel time-variant encoder-decoder (ED) model designed specifically to improve multistep reservoir inflow forecasting, enabling accurate predictions of reservoir inflows up to seven days ahead. Unlike conventional ED-LSTM and recursive ED-LSTM models, which use fixed encoder parameters or recursively propagate predictions, our model incorporates 
--------------------------------------------------------------------------------
TITLE: An Ensemble Modeling Approach to Forecast Daily Reservoir Inflow Using Bidirectional Long- and Short-Term Memory (Bi-LSTM), Variational Mode Decomposition (VMD), and Energy Entropy Method
URL: https://doi.org/10.1007/s11269-021-02879-3
PUBLISHED: 2021-06-24T00:00:00.000Z
HIGHLIGHT: # An Ensemble Modeling Approach to Forecast Daily Reservoir Inflow Using Bidirectional Long- and Short-Term Memory (Bi-LSTM), Variational Mode Decomposition (VMD), and Energy Entropy Method
...
- Gwo‐Fong Lin, Guorong Chen, Pei-Yu Huang, Yang-Ching Chou. Support vector machine-based models for hourly reservoir inflow forecasting during typhoon-warning periods. Journal of Hydrology. 2009;372(1-4):17-29. doi:10.1016/j.jhydrol.2009.03.032.
...
- Yun Bai, Zhiqiang Chen, Jingjing Xie, Chuan Li. Daily reservoir inflow forecasting using multiscale deep feature learning with hybrid models. Journal of 
--------------------------------------------------------------------------------
TITLE: Data-driven forecasting framework for daily reservoir inflow time series considering the flood peaks based on multi-head attention mechanism
URL: https://www.sciencedirect.com/science/article/pii/S0022169424015932
PUBLISHED: None
HIGHLIGHT: Accurate and reliable daily reservoir inflow forecast plays an essential role in several applications involving the management and planning of water resources, such as hydroelectric generation, flood control, water supply, and basin ecological dispatching. Runoff usually exhibits strong non-linearity, high uncertainty, and spatial and temporal variability. Existing techniques fail to capture complete dynamics change processes effectively. A data-driven forecasting framework for daily reservoir inflow time series considering the flood peaks based on a multi-head attention mechanism was develope
--------------------------------------------------------------------------------
TITLE: Investigation of an Ensemble Inflow-Prediction System for Upstream Reservoirs in Sai River, Japan
URL: https://doi.org/10.3390/w16182577
PUBLISHED: 2024-09-11T00:00:00.000Z
HIGHLIGHT: In this study, an ensemble inflow-prediction system was developed for a hydropowergeneration dam in the upper Sai River basin, and the accuracy of ensemble inflow prediction, which is important for efficient dam operation, was investigated. First, the Water and Energy Based Distributed Hydrological Model for Snow (WEB-DHM-S), a hydrological model developed for the Sai River basin, can represent the hydrological process from warm to cold seasons. Next, a system was developed on the Data Integration and Analysis System (DIAS) to predict inflows into the dam by inputting real-time meteorological 
--------------------------------------------------------------------------------
TITLE: Effects of meteorological forcing uncertainty on high-resolution snow modeling and streamflow prediction in a mountainous karst watershed - ScienceDirect
URL: https://www.sciencedirect.com/science/article/abs/pii/S0022169423002469
PUBLISHED: None
HIGHLIGHT: Hybrid snow and deep learning models simulate snowmelt and streamflow of a mountainous karst watershed.
...
The deep learning model learned streamflow responses that vary across meteorological forcing sets.
...
At the mesoscale (100-1000km2),
...
spatial variability in snow processes can
...
snow modeling (Schlögl
...
., 2016, Winstr
...
., 2
...
and meteorological forcing data at scales
...
While numerous studies have applied various hydrologic models to a range of watersheds, due to the complexities of karst geology traditional hydrologic models fail to adequately model flow in karst basins.
====================================================================================================
FILE: q3_frost.json
num results: 9
--------------------------------------------------------------------------------
TITLE: Spatial Downscaling of Daily Temperature Minima Using Machine Learning Methods and Application to Frost Forecasting in Two Alpine Valleys
URL: https://www.mdpi.com/2073-4433/16/1/38
PUBLISHED: 2025-01-01T18:37:54.000Z
HIGHLIGHT: the extended forecast
...
The Non Valley (in Italian, Val di Non) and the Adige Valley (in Italian, Valle dell’Adige) are part of the Trentino-Alto Adige region in northern Italy (Figure 1). These valleys form a unique study area, characterized by complex terrain and varied local microclimatic conditions. The Trentino-Alto Adige region exhibits elevations ranging from 166 m to 2628 m. Both the Non Valley and the Adige Valley are remarkably intensively cultivated agricultural areas. In particular, the Non Valley is renowned for its apple orchards and the Adige Valley is famous for its vineyards
--------------------------------------------------------------------------------
TITLE: Terrain-Based High-Resolution Microclimate Modeling for Cold-Air-Pool-Induced Frost Risk Assessment in Karst Depressions
URL: https://www.mdpi.com/2225-1154/13/10/205
PUBLISHED: 2025-09-30T04:52:09.000Z
HIGHLIGHT: Cold-air pooling (CAP) and frost risk represent significant climate-related hazards in karstic and agricultural environments, where local topography and surface cover strongly modulate microclimatic conditions. This study focuses on the Mohos sinkhole, Hungary’s cold pole, situated on the Bükk Plateau, to investigate the formation, structure, and persistence of CAPs in a Central European karst depression. High-resolution terrain-based modeling was conducted using UAV-derived digital surface models combined with multiple GIS tools (Sky-View Factor, Wind Exposition Index, Cold Air Flow, and Diur
--------------------------------------------------------------------------------
TITLE: A High-Resolution (20 m) Simulation of Nighttime Low Temperature Inducing Agricultural Crop Damage with the WRF–LES Modeling System
URL: https://www.mdpi.com/2073-4433/12/12/1562
PUBLISHED: 2021-11-26T20:04:30.000Z
HIGHLIGHT: In Korea, sudden cold weather in spring occurs repeatedly every year and causes severe damage to field crops and fruit trees. Detailed forecasting of the daily minimum or suddenly decreasing temperature, closely related to the local topography, has been required in the farmer community. High-resolution temperature models based on empirical formulas or statistical downscaling have fundamental limitations, making it difficult to perform biophysical application and mechanism explanation on small-scale complex terrains. Weather Research and Forecasting–Large Eddy Simulation (WRF–LES) can provide a
--------------------------------------------------------------------------------
TITLE: Clarissa Gutierrez, Detecting Cold-Air Pools from UAV-Derived Digital Terrain Models for Vineyard Frost Management
     | isidore.science
URL: https://isidore.science/document/10.5683/SP3/MFIGVO
PUBLISHED: 2026-04-28T05:24:17.000Z
HIGHLIGHT: Clarissa Gutierrez, Detecting Cold-Air Pools from UAV-Derived Digital Terrain Models for Vineyard Frost Management | isidore.science

# Detecting Cold-Air Pools from UAV-Derived Digital Terrain Models for Vineyard Frost Management

### Metadatas

Author

Date

April 28, 2026

Discipline

type

Scope

Identifier

Source

Collection

Organization

---

### Keywords Und

---

### Similar subjects En

---

### Cite this document

Clarissa Gutierrez, « Detecting Cold-Air Pools from UAV-Derived Digital Terrain Models for Vineyard Frost Management », Borealis, ID : 10.5683/SP3/MFIGVO

---

### Metric
--------------------------------------------------------------------------------
TITLE: Spatial Downscaling of Daily Temperature Minima Using Machine Learning Methods and Application to Frost Forecasting in Two Alpine Valleys
URL: https://doi.org/10.3390/atmos16010038
PUBLISHED: 2025-01-01T00:00:00.000Z
HIGHLIGHT: This study examines the
...
of three machine learning models
...
namely, Artificial Neural Network (
...
), Random Forest (RF), and Convolutional Neural Network (
...
)-for spatial downscaling of seasonal forecasts of daily minimum temperature
...
12 km
...
0 m horizontal resolution
...
C) along
...
exhibits superior performance
...
with the highest F1 score
...
0.78) and lowest
...
0.30
...
in predicting frost
...
, particularly in early
...
for the short-term forecast period
...
and in the extended forecast period
...
spatial downscaling
...
The Non Valley (in Italian, Val di Non) and the Ad
--------------------------------------------------------------------------------
TITLE: Frost prediction using machine learning and deep neural network models - PMC
URL: https://pmc.ncbi.nlm.nih.gov/articles/PMC9878450/
PUBLISHED: None
HIGHLIGHT: This study describes accurate, computationally efficient models that can be implemented for practical use in predicting frost events for point-scale agricultural applications. Frost damage in agriculture is a costly burden to farmers and global food security alike. Timely prediction of frost events is important to reduce the cost of agricultural frost damage and traditional numerical weather forecasts are often inaccurate at the field-scale in complex terrain. In this paper, we developed machine learning (ML) algorithms for the prediction of such frost events near Alcalde, NM at the point-scal
--------------------------------------------------------------------------------
TITLE: Development and application of a forecasting system to avoid spring frost damage in chiana valley
URL: https://www.agronomy.it/index.php/agro/article/view/ija.2010.s2.37
PUBLISHED: None
HIGHLIGHT: Development and application of a forecasting system to avoid spring frost damage in chiana valley
...
# Development and application of a forecasting system to avoid spring frost damage in chiana valley
...
Late frost is one of the more serious adversity for Italian agriculture. Several methods have been developed to protect cultivations, but their application results particularly effective (also from an economic point of view) only if supported by forecasting systems during the more susceptible period of the year. On these basis a forecasting system of late frost in Val di Chiana (an area in c
--------------------------------------------------------------------------------
TITLE: Terrain-Based High-Resolution Microclimate Modeling for Cold-Air-Pool-Induced Frost Risk Assessment in Karst Depressions
URL: https://doi.org/10.3390/cli13100205
PUBLISHED: 2025-09-30T00:00:00.000Z
HIGHLIGHT: Cold-air pooling (CAP) and frost risk represent significant climate-related hazards in karstic and agricultural environments, where local topography and surface cover strongly modulate microclimatic conditions. This study focuses on the Mohos sinkhole, Hungary’s cold pole, situated on the Bükk Plateau, to investigate the formation, structure, and persistence of CAPs in a Central European karst depression. High-resolution terrain-based modeling was conducted using UAV-derived digital surface models combined with multiple GIS tools (Sky-View Factor, Wind Exposition Index, Cold Air Flow, and Diur
--------------------------------------------------------------------------------
TITLE: Cold-Air Pooling in the Upper Douro Valley: An Observational Study
URL: https://doi.org/10.1175/jamc-d-21-0263.1
PUBLISHED: 2022-11-08T00:00:00.000Z
HIGHLIGHT: Cold-air pools can have several different impacts on viticulture, including final grape quality and yields. This study focuses on cold pools in the upper Douro Valley, which is one of the most important viticultural regions of northern Portugal. First, digital elevation model data were analyzed to identify pixels corresponding to the valley floors of the Douro and selected side valleys. Next, the topographic amplification factor was calculated for each of these pixels. Down-valley gradients in the topographic amplification factor were used to identify locations where cold air in the valley was
====================================================================================================
FILE: q4_aviation.json
num results: 10
--------------------------------------------------------------------------------
TITLE: bamsd170197 1..17
URL: https://journals.ametsoc.org/view/journals/bams/99/11/bams-d-17-0117.1.pdf
PUBLISHED: None
HIGHLIGHT: A multidiagnostic-based en route nonconvective turbulence forecasting algorithm has been developed to provide better predictions of clear-air and mountain-wave turbulence for use in global strategic flight planning.
...
Background. Atmospheric turbulence relevant to cruising aircraft in the upper troposphere–lower stratosphere (UTLS) is categorized into three dif ferent types based on their locations and generation mechanisms: clear-air turbulence (CAT), mountain wave turbulence (MWT), and convectively induced turbulence (CIT; Fig. 1; e.g., Lester 1994; Wolff and Sharman 2008; Kim and Chun 201
--------------------------------------------------------------------------------
TITLE: On the characterization of mountain waves and the development of a warning method for aviation safety using WRF forecast - ScienceDirect
URL: https://www.sciencedirect.com/science/article/abs/pii/S0169809521001721
PUBLISHED: 2021-08-15T09:48:38.000Z
HIGHLIGHT: owing to mountain waves are likely to be dangerous in departure and arrival operations in the vicinity of airports (European Union Aviation Safety Agency, 2019; Bolgiani et al., 2018; Gultepe et al., 2019). According to the National Transportation Safety Board (2014), meteorological conditions were considered the principal cause of aviation accidents in 37% of the cases, with icing and turbulence associated with mountain waves being the main causes in the 2000–2011 period in the USA. In addition, weather hazards represented approximately 15% of the accidents and serious incidents in the Europe
--------------------------------------------------------------------------------
TITLE: Mountain Waves in High Resolution Forecast Models: Automated Diagnostics of Wave Severity and Impact on Surface Winds
URL: https://www.mdpi.com/2073-4433/8/1/24
PUBLISHED: 2017-01-23T20:35:28.000Z
HIGHLIGHT: and ground transport, and summary information of this kind is highly valuable as an efficient ‘heads-up’ for forecasters, for automated products or to feed into impact models. Automated diagnosis of lee wave surface effects presents a particular challenge due to the complexity of turbulent zones in the lee of irregular terrain. The method proposed quantifies modelled wind perturbations relative to those that would occur in the absence of lee waves for a given background wind, and diagnoses using it are found to be quite consistent between cases and for different ranges of U.K. hills. A recent 
--------------------------------------------------------------------------------
TITLE: Application of Scorer-parameter in Mountain Wave Forecasting at the Hungarian Meteorological Service
URL: https://nimbus.elte.hu/tanszek/docs/MSc/2020_2/Imen_Ghanmi_2020.pdf
PUBLISHED: None
HIGHLIGHT: a major source of turbulence in
...
troposphere (Vinn
...
ko and Dutton, 1969; Browning et al., 1970; Wyngaard et al., 1971; Kim and Mahrt, 1992). Basic fluid dynamics states that
...
a maximum in any fluid, such as the atmosphere, without transforming the laminar flow
...
models designed for simulating mountain waves and related turbulence (Pao, 1969; Orlanski and Ross, 1973; Murrow et al., 1982; Tan and Eckermann, 2000; Epifanio and Quian, 2008; Smith and Skyllingstad, 2009). A comprehensive review of the current state in this topic was given recently by Teixeira (2014). Numerical models ope
--------------------------------------------------------------------------------
TITLE: Improvement of Mountain-Wave Turbulence Forecasts in NOAA’s Rapid Refresh (RAP) Model with the Hybrid Vertical Coordinate System
URL: https://doi.org/10.1175/waf-d-18-0187.1
PUBLISHED: 2019-03-05T00:00:00.000Z
HIGHLIGHT: Spurious mountain-wave features have been reported as false alarms of light-or-stronger numerical weather prediction (NWP)-based cruise level turbulence forecasts especially over the western mountainous region of North America. To reduce this problem, a hybrid sigma-pressure vertical coordinate system was implemented in NOAA's operational Rapid Refresh model, version 4 (RAPv4), which has been running in parallel with the conventional terrain-following coordinate system of RAP version 3 (RAPv3). Direct comparison of vertical velocity jwj fields from the RAPv4 and RAPv3 models shows that the new
--------------------------------------------------------------------------------
TITLE: roznet/flyfun-weather
URL: https://github.com/roznet/flyfun-weather
PUBLISHED: None
HIGHLIGHT: Flyfun Weather fetches forecast data from multiple numerical weather prediction (NWP) models, performs aviation-specific analysis (icing, turbulence, convection, clouds), and presents everything side-by-side so pilots can compare models and start forming an early view of what conditions will look like from D-7 through D-0.
...
- **Multi-model forecasting** — Fetches 6 NWP models via Open-Meteo (GFS, ECMWF IFS, DWD ICON, UKMO, Meteo-France, Best Match) at 8 pressure levels along your route, with high-resolution **GRIB2 enrichment** (upper-air soundings, cloud microphysics) direct from ECMWF IFS
--------------------------------------------------------------------------------
TITLE: RAOB: Turbulence & Mountain Wave Module
URL: https://raob.com/mod_turbmnt.php
PUBLISHED: None
HIGHLIGHT: RAOB: Turbulence & Mountain Wave Module

# Turbulence & Mountain Wave Module

Example of a Mountain-Wave & Turbulence screen.

Example of a double mountain harmonic wave.

Example of a double mountain harmonic wave.

Example of a Mountain Options screen.

## Features

- Analyzes atmospheric turbulence as an integrated function of lapse-rates and wind shears. See video.

- This is the most complete method of determining atmospheric turbulence.
- Analyses wave turbulence for any atmosphere, regardless of mountainous terrain.
- Analyses mountain wave turbulence categories in the troposphere. Uses
--------------------------------------------------------------------------------
TITLE: Turbulence and Wind Shear: Forecasting Mountain Wave Turbulence for Aviation | WMO Aviation Training Repository
URL: https://aviationtraining.wmo.int/mod/url/view.php?id=2013
PUBLISHED: None
HIGHLIGHT: Turbulence and Wind Shear: Forecasting Mountain Wave Turbulence for Aviation | WMO Aviation Training Repository

Completion requirements

| | Course Name: | Forecasting Clear Air Turbulence for Aviation |
| --- | --- | --- |
| | Course Description: | Turbulent flow that impacts aviation can be caused by several different factors and can occur at both low and high-levels in the atmosphere. This lesson focuses on forecasting mountain wave turbulence. Its methodology relies on the spatial and temporal distribution of winds, stability, and clouds to forecast and verify mountain wave turbulence. An
--------------------------------------------------------------------------------
TITLE: Mountain Wave | NAV CANADA Aviation Meteorology Reference
URL: https://avmet.navcanada.ca/en/mountain-wave.aspx
PUBLISHED: None
HIGHLIGHT: - Mountain waves can cause turbulence at high levels in the atmosphere, typically around common cruising altitudes for large aircraft. This turbulence can be severe and even extreme and is a significant threat to aviation as it can cause abrupt changes in altitude and speed of aircraft.
...
- Mountain waves cause very strong winds, closer to the mountain ridges and downstream of the mountains. These strong winds can cause speed wind shear (a sudden change in wind speed) downwind of the mountain barrier, which can be hazardous to aircraft.
...
Mountain waves are a type of mountain induced turbu
--------------------------------------------------------------------------------
TITLE: AC 00-57 Hazardous Mountain Winds
URL: https://www.faa.gov/documentLibrary/media/Advisory_Circular/00-57.pdf
PUBLISHED: None
HIGHLIGHT: degree of stability present). In general, the large-scale wind (wind shear) change in altitude and temperature (lapse rate), the size and shape of the mountain or ridge over which the air is moving, and the orientation of the wind relative to the ridge line all work together in determining the character of the disturbance that develops. When wind shear is very strong, another type of wave is possible. These waves, called gravity-shear or Kelvin-Helmholtz (K-H) waves, can occur when the kinetic energy inherent in the shear can overcome the damping effects of a stable temperature lapse rate. Thi
====================================================================================================
FILE: q5_renewable.json
num results: 10
--------------------------------------------------------------------------------
TITLE: A New Decision Process for Choosing the Wind Resource Assessment Workflow with the Best Compromise between Accuracy and Costs for a Given Project in Complex Terrain
URL: https://psecommunity.org/wp-content/plugins/wpor/includes/file/2303/LAPSE-2023.15949-1v1.pdf
PUBLISHED: None
HIGHLIGHT: Abstract: In wind energy, the accuracy of the estimation of the wind resource has an enormous effect on the expected rate of return of a project. For a given project, the wind resource assessor is faced with a difficult choice of a wide range of simulation tools and workflows with varying accuracies (or “skill”) and costs. There is currently no guideline or process available in the industry for helping with the decision of the most “optimal” choice—and this is particularly challenging in mountainous (or “complex”) terrain. In this work, a new decision process for selecting the Wind Resource As
--------------------------------------------------------------------------------
TITLE: Solargis Evaluate 2.7: New PV design and analytics features
URL: https://solargis.com/resources/blog/product-updates/solargis-evaluate-2-7-new-pv-design-and-analytics-features
PUBLISHED: 2026-03-27T00:00:00.000Z
HIGHLIGHT: Approximately one year ago, we launched Solargis Evaluate packed with features for complex site assessment, PV system design, energy yield simulation, analysis, and reporting, all under one roof.
...
Our latest Evaluate
...
## Terrain-adapted PV layout: Design solar power plants that follow the real terrain
...
Designing PV power plants on uneven terrains often meant compromises. Many teams either simplified the terrain or accepted less accurate layout and shading assumptions.
...
We previously introduced terrain-adapted PV layout for fixed-mount systems so you can design PV power plants that 
--------------------------------------------------------------------------------
TITLE: Research challenges and needs for the deployment of wind energy in hilly and mountainous regions
URL: https://wes.copernicus.org/articles/7/2231/2022/wes-7-2231-2022.pdf
PUBLISHED: None
HIGHLIGHT: of the widespread nature of complex flow and icing conditions, addressing these challenges will have positive impacts on the risk and cost of energy from wind energy globally.
...
3 Wind resource assessment 
After the wind project site has been chosen in the site 
prospecting phase, the wind resource has to be assessed in 
more detail. This involves measuring the wind potential, ex 
trapolating it to cover the entire planned site, and extrapo 
lating it to cover the planned operating period (usually 20 to 
25 years). The associated challenges and the resulting R&D 
needs are discussed in this 
--------------------------------------------------------------------------------
TITLE: Wind resource assessment in flow-distorting terrain:
URL: https://wes.copernicus.org/preprints/wes-2026-92/wes-2026-92.pdf
PUBLISHED: None
HIGHLIGHT: Abstract. This study conducts a head-to-head techno-economic comparison of vertical profiling Light Detection and Ranging (LiDAR) and fixed-wing Unmanned Aerial Vehicles (UAVs) deployments for wind resources assessment at a representative 120 MW onshore project in flow‑distorting terrain in Germany. A simplified energy yield model and a Monte Carlo framework 10 propagate literature-based measurement and flow model uncertainties through different measurement scenarios to the exceedance levels (P50, P90) of Annual Energy Production (AEP), Net Present Value (NPV) and Levelized Cost of Electricity
--------------------------------------------------------------------------------
TITLE: Fully Automated Wind Site Assessment in Complex Terrain Using Satellite Data and Global Circulation Models
URL: https://www.mdpi.com/2072-4292/18/9/1403
PUBLISHED: 2026-05-01T05:33:39.000Z
HIGHLIGHT: A globally applicable and fully automated simulation method based on satellite-derived Earth Observation (EO) data and global circulation models was developed and validated. Inputs to the simulation are DSM/DTM layers, surface roughness layer, forest canopy layer, and single-level point data from the European Centre for Medium-Range Weather Forecasts fifth-generation ECMWF reanalysis (ECMWF ERA5, a global circulation model produced by the Copernicus Climate Change Service (C3S)). High-resolution roughness length maps are produced by deep learning from optical satellite data. Velocity fields ar
--------------------------------------------------------------------------------
TITLE: LuSim – Advanced 3D Photovoltaic Simulation for Complex PV Projects
URL: https://lucisun.com/solutions/lusim/
PUBLISHED: 2026-01-05T00:00:00.000Z
HIGHLIGHT: LuSim is a 3D photovoltaic simulation framework developed by LuciSun to address PV projects where geometry, surroundings, and spatial variability play a central role. It is used to deliver advanced PV simulation and assessment services for systems that cannot be reliably analysed using simplified or two dimensional approaches.
...
LuSim combines high resolution 3D irradiance modelling with validated photovoltaic performance and loss models to support full PV energy yield assessments. It has been developed through applied research and engineering practice,
...
robustness of results.
...
LuSim i
--------------------------------------------------------------------------------
TITLE: Solar modeling tool for developers and EPCists  — RatedPower
URL: https://ratedpower.com/platform/modeling/
PUBLISHED: None
HIGHLIGHT: Reduce risk to your PV project with easy-to-use advanced solar modeling software, increase ROI, and grow your business pipeline. RatedPower allows you to:
...
> - Find the best electrical, equipment and civil configuration of your solar plant
> - Access detailed 3D Energy analysis in one click
> - Achieve the optimal solar array design by iterating through pitch/GCR and DC/AC ratio
> - Create accurate quotes for projects with BoM and CAPEX
> - LCOE tool help you evaluate trade-offs between production and costs
> - Perform cut-and-fill cost-benefit analyses
...
- Layout on your rules Define set
--------------------------------------------------------------------------------
TITLE: IMPACT OF TOPOGRAPHY AND EARTHWORKS IN UTILITY-SCALE PHOTOVOLTAIC PROJECTS
URL: https://doi.org/10.4995/cigeo2025.2025.19854
PUBLISHED: 2025-07-02T00:00:00.000Z
HIGHLIGHT: The surging global demand for renewable energy has propelled photovoltaic (PV) technology to the forefront of sustainable energy initiatives, with a heightened focus on optimizing the deployment of solar structures (Bóraswski et al. 2023). As the PV industry matures, the intricacies of civil engineering within PV projects have gained prominence, emphasizing the need for efficiency in structural design (Al Garni and Awasthi 2018). The increasing scarcity of flat terrain suitable for PV installations has resulted in more projects being developed on steep or irregular land, where civil works acqu
--------------------------------------------------------------------------------
TITLE: SMART SITING GUIDE: METHODOLOGY FOR PREPARATION OF LOW CONFLICT MAPS FOR SOLAR AND WIND POWER PLANT DEVELOPMENT IN MONTENEGRO
URL: https://www.nature.org/content/dam/tnc/nature/en/documents/s/m/Smart-Siting-Guide-Montenegro-Full-Methodology.pdf
PUBLISHED: None
HIGHLIGHT: For the purpose of identifying optimal locations for the development of solar power plants and wind farms, the methodology starts from the legal and biophysical constraints on land use, thereby first identifying the areas that cannot be used for this purpose. Raw potential is defined by global solar irradiation, average wind speed and wind continuity. However, experience derived from the development of renewable energy source (RES) projects in Montenegro proved the great importance of infrastructure availability at the site, especially related to power grid connection. Therefore, the methodolo
--------------------------------------------------------------------------------
TITLE: Mapping a Sustainable Renewable Energy Transition:
URL: https://www.nature.org/content/dam/tnc/nature/en/documents/Europe_Energy_Practitioners_Guide.pdf
PUBLISHED: None
HIGHLIGHT: Creating a suitability (or, constraint) map: As an important step in creating a final potential energy development map (Appendix 3), we limit the analysis to areas suitable for future PV solar and wind development (Oakleaf et al. 2019). To do so, we restrict the analysis by considering important resource thresholds (e.g., solar irradiance, wind speeds), land use characteristics (e.g., urban areas for wind, areas with already operating plants), and biophysical parameters (e.g., slope, elevation). See Table 5 (in Appendix 1) for a list of typical constraints and recommendations on how they are s
====================================================================================================
FILE: q6_ecosystem.json
num results: 10
--------------------------------------------------------------------------------
TITLE: Incorporating microclimate into species distribution models
URL: https://doi.org/10.1111/ecog.03947
PUBLISHED: 2018-09-28T00:00:00.000Z
HIGHLIGHT: Species distribution models (SDMs) have rapidly evolved into one of the most widely used tools to answer a broad range of ecological questions, from the effects of climate change to challenges for species management. Current SDMs and their predictions under anthropogenic climate change are, however, often based on free-air or synoptic temperature conditions with a coarse resolution, and thus fail to capture apparent temperature (cf. microclimate) experienced by living organisms within their habitats. Yet microclimate operates as soon as a habitat can be characterized by a vertical component (e
--------------------------------------------------------------------------------
TITLE: 
URL: https://hal.science/hal-02563872/file/Meineri%20and%20Hylander%202017.pdf
PUBLISHED: None
HIGHLIGHT: refugia (Ashcroft 2010, 
Dobrowski 2011, Hannah et al. 2014). The
...
Using climate stations and topographic data, we developed three sets of large-domain (450 000 km²), fine-grain (50 m)
...
climate-forcing factors improved our ability to model fine-scale climate, despite using only climate station data. This
...
In this study, we used data from climate stations and 
terrain models to produce improved, high resolution 
estimates of temperature over a large domain (Sweden; 50 m 
grained grids over 450 000 km²). For a dataset of 78 alpine 
species, we then asked: 1) do ordinary SDMs (based on t
--------------------------------------------------------------------------------
TITLE: Microclimate species distribution models estimate lower levels of climate-related habitat loss for salamanders - ScienceDirect
URL: https://www.sciencedirect.com/science/article/abs/pii/S1617138123000043
PUBLISHED: 2023-04-01T04:52:06.000Z
HIGHLIGHT: nor extensive enough (Kearney and Porter, 2009, Potter et al., 2013; Lembrechts et al., 2018) to allow for habitat connectivity planning and protection of microrefugia, which depend on the fine-scale distribution of favorable microclimates (Groves et al., 2012, Schmitz et al., 2015, Jones et al., 2016). Modeling approaches that integrate microclimate data into species distribution models (SDM) are
...
Species distribution models are widely used to map future suitable habit for spatial conservation planning (Elith et al., 2008, Lentini and Wintle, 2015, Araújo et al., 2019), and are typically b
--------------------------------------------------------------------------------
TITLE: Microclimate-based species distribution models in complex forested terrain indicate widespread cryptic refugia under climate change
URL: https://onlinelibrary.wiley.com/doi/10.1111/geb.13447
PUBLISHED: 2022-01-08T00:00:00.000Z
HIGHLIGHT: Microclimate‐based species distribution models in complex forested terrain indicate widespread cryptic refugia under climate change - Stark - 2022 - Global Ecology and Biogeography - Wiley Online Library
...
# Microclimate-based species distribution models in complex forested terrain indicate widespread cryptic refugia under climate change
...
Species’ climatic niches may be poorly predicted by regional climate estimates used in species distribution models (SDMs) due to microclimatic buffering of local conditions. Here, we compare SDMs generated using a locally validated below-canopy microclim
--------------------------------------------------------------------------------
TITLE: Spatial models reveal the microclimatic buffering capacity of old-growth forests
URL: https://doi.org/10.1126/sciadv.1501392
PUBLISHED: 2016-04-01T00:00:00.000Z
HIGHLIGHT: Climate change is predicted to cause widespread declines in biodiversity, but these predictions are derived from coarse-resolution climate models applied at global scales. Such models lack the capacity to incorporate microclimate variability, which is critical to biodiversity microrefugia. In forested montane regions, microclimate is thought to be influenced by combined effects of elevation, microtopography, and vegetation, but their relative effects at fine spatial scales are poorly known. We used boosted regression trees to model the spatial distribution of fine-scale, under-canopy air tempe
--------------------------------------------------------------------------------
TITLE: Microclimate‐based species distribution models in complex forested terrain indicate widespread cryptic refugia under climate change
URL: https://doi.org/10.1111/geb.13447
PUBLISHED: 2022-01-08T00:00:00.000Z
HIGHLIGHT: # Microclimate‐based species distribution models in complex forested terrain indicate widespread cryptic refugia under climate change
...
Abstract Aim Species’ climatic niches may be poorly predicted by regional climate estimates used in species distribution models (SDMs) due to microclimatic buffering of local conditions. Here, we compare SDMs generated using a locally validated below‐canopy microclimate model to those based on interpolated weather station data at two spatial scales to determine the effects of scale and topography on potential future below‐canopy warming and species distribut
--------------------------------------------------------------------------------
TITLE: A tree's view of the terrain: downscaling bioclimate variables to high resolution using a novel multi‐level species distribution model
URL: https://www.fs.usda.gov/pnw/pubs/journals/pnw_2024_kling001.pdf
PUBLISHED: None
HIGHLIGHT: Fine-scale spatial climate variation fosters biodiversity and buffers it from climate change, but ecological studies are constrained by the limited accessibility of relevant fine-scale climate data. In this paper we introduce a novel form of species distribution model that uses species occurrences to predict high-resolution climate variation. This new category of ‘bioclimate’ data, representing micro-scale climate as experienced by one or more species of interest, is a useful complement to microclimate data from existing approaches. The modeling method, called BISHOP for ‘bioclimate inference 
--------------------------------------------------------------------------------
TITLE: BG - Microclimate mapping using novel radiative transfer modelling
URL: https://bg.copernicus.org/articles/21/605/2024/bg-21-605-2024.html
PUBLISHED: 2024-01-29T00:00:00.000Z
HIGHLIGHT: Climate data matching the scales at which organisms experience climatic conditions are often missing. Yet, such data on microclimatic conditions are required to better understand climate change impacts on biodiversity and ecosystem functioning. Here we combine a network of microclimate temperature measurements across different habitats and vertical heights with a novel radiative transfer model to map daily temperatures during the vegetation period at 10 m spatial resolution across Switzerland. Our results reveal strong horizontal and vertical variability in microclimate temperature, particular
--------------------------------------------------------------------------------
TITLE: Micro‐ and macroclimate interactively shape diversity, niches and traits of Orthoptera communities along elevational gradients
URL: https://doi.org/10.1111/ddi.13810
PUBLISHED: 2024-01-09T00:00:00.000Z
HIGHLIGHT: Aim: Temperature is one of the main drivers shaping species diversity and assem bly processes. Yet, site-specific effects of the local microclimate on species and trait compositions of insect communities have rarely been assessed along macroclimatic temperature clines. Location: Bavarian Alps, Germany. Methods: Bayesian joint species distribution models were applied to investigate how ecological and morphological traits drive variation in the climatic niches of 32 Orthoptera species on 93 grassland sites with contrasting microclimatic conditions along a steep elevational macroclimatic gradient
--------------------------------------------------------------------------------
TITLE: Macro‐ and microclimate interactively shape species diversity of multiple taxa in mountain landscapes
URL: https://doi.org/10.1002/ecog.07984
PUBLISHED: 2025-10-30T00:00:00.000Z
HIGHLIGHT: Macroclimate is a key driver of biodiversity, but habitat conditions can modulate the local microclimate by amplifying or buffering macroclimatic temperatures. The interplay between microclimatic modulation and macroclimatic temperature is crucial for shaping local biodiversity in a warming world, but remains poorly understood across life forms. We examined how macroclimate and microclimatic modulation jointly shape alpha diversity across eight taxonomic groups. We surveyed multi-taxon biodiversity along gradients of macroclimate (elevation) and microclimatic modulation (habitat structure), fo
====================================================================================================
FILE: q7_urban.json
num results: 10
--------------------------------------------------------------------------------
TITLE: Investigating 2D/3D factors influencing surface urban heat islands in mountainous cities using explainable machine learning - ScienceDirect
URL: https://www.sciencedirect.com/science/article/abs/pii/S2212095525000410
PUBLISHED: 2025-02-01T21:47:05.000Z
HIGHLIGHT: Recent studies have increasingly examined the spatial factors contributing to SUHI, focusing on two-dimensional (2D) and three-dimensional (3D) urban spatial features. 2D factors, such as land use and land cover (LULC), influence SUHI, with impervious surfaces warming more quickly and reducing cooling effects (Bechtel et al., 2019; Ranagalage et al., 2018). The reduction of natural land cover, particularly green/blue spaces, further exacerbates SUHI by diminishing evapotranspiration and shading (Odindi et al., 2015). Landscape configuration factors like diversity and compactness also affect SU
--------------------------------------------------------------------------------
TITLE: Urban Heat Island Characterization in an Alpine Valley City: Integrating Observations and Models in Bolzano's Complex Terrain
URL: https://icam2025.hr/
PUBLISHED: 2025-01-01T00:00:00.000Z
HIGHLIGHT: # Urban Heat Island Characterization in an Alpine Valley City: Integrating Observations and Models in Bolzano's Complex Terrain

View. Published: 2025-01-01. 0 citations.

## Abstract

Effectively understanding urban climate patterns and heat distribution is essential for developing climate adaptation strategies and mitigating urban risks related to heat stress. The characterization of Urban Heat Islands (UHI) presents significant challenges in mountainous regions, where complex terrain creates unique microclimate conditions that standard approaches often fail to capture adequately. Our resear
--------------------------------------------------------------------------------
TITLE: Influence of diversified relief on the urban heat island in the city of Kraków, Poland
URL: https://doi.org/10.1007/s00704-015-1577-9
PUBLISHED: 2015-08-14T00:00:00.000Z
HIGHLIGHT: In cities located in concave landforms, urban heat island (UHI) is an element of a complicated thermal structure and occurs due to the common impact of urban built-up areas and orography-induced processes like katabatic flows or air temperature inversions. Kraków, Poland (760,000 inhabitants) is located in a large valley of the river Vistula. In the years 2009-2013, air temperature was measured with the 5-min sampling resolution at 21 urban and rural points, located in various landforms. Cluster analysis was used to process data for the night-time. Sodar and synoptic data analysis provided res
--------------------------------------------------------------------------------
TITLE: Interaction among local flows, UHI, coastal winds, and complex terrain: Effect on urban-scale temperature and building energy consumption during heatwaves
URL: https://doi.org/10.1016/j.enbuild.2023.113763
PUBLISHED: 2023-11-19T00:00:00.000Z
HIGHLIGHT: 2 Extreme heat aggravates thermal stress and electricity shortage in urban areas. This 3 study investigates the (circulating) winds in Hong Kong during a heatwave. Unprecedentedly, 4 the collective effect of coastal winds, complex terrain, and local flows on urban temperatures 5 and air-conditioning load intensity (ACLI) is examined using the mesoscale Weather Research 6 and Forecasting (WRF) model. Three representative wind patterns, including urban-accelerated
...
8 are analyzed. Our results show that the mountain blockage in foothill areas would increase 2m temperatures (T2) and ACLI by 1 
--------------------------------------------------------------------------------
TITLE: Numerical simulation of urban heat island and local circulation characteristics under complex terrain conditions
URL: http://dqkxxb.cnjournals.org/dqkxxben/article/abstract/20190211
PUBLISHED: 2019-02-11T00:00:00.000Z
HIGHLIGHT: Numerical simulation of urban heat island and local circulation characteristics under complex terrain conditions

Numerical simulation of urban heat island and local circulation characteristics under complex terrain conditions

Author:

Affiliation:

Clc Number:

Fund Project:

Abstract:

Using WRF model coupled with multilayer urban canopy scheme BEP(Building Environment Parameterization) and BEM(Building Energy Model) scheme,a simulation was conducted to explore characteristics and causes of Chongqing urban heat island and impact of local circulation on it. There were two simulation cases co
--------------------------------------------------------------------------------
TITLE: Coupled urban-topographic interactions in a complex mountainous valley: A WRF-based evaluation of urban morphology effects on pre-monsoon temperature regimes in the Doon Valley, India
URL: https://doi.org/10.26491/mhwm/215597
PUBLISHED: 2026-01-27T00:00:00.000Z
HIGHLIGHT: In this study, we investigate the influence of urban morphology on pre-monsoon temperature regimes in the Doon Valley, a complex intermontane basin in the western Himalayas, using high-resolution (2×2 km²) Weather Research and Forecasting (WRF) model simulations for the year 2021. The model employed a threefold nested domain (18-6-2 km) configuration with National Centers for Environmental Prediction -Final Analysis (NCEP-FNL) (0.25°×0.25°) global analyses as boundary conditions. To represent the rapidly expanding built environment of Dehradun, a simulation incorporating the Urban Canopy Model
--------------------------------------------------------------------------------
TITLE: Integration of topological aspect of city terrains to predict the spatial distribution of urban heat island using GIS and ANN - ScienceDirect
URL: https://www.sciencedirect.com/science/article/abs/pii/S2210670721001153
PUBLISHED: 2021-06-01T23:52:30.000Z
HIGHLIGHT: The model developed with Terrain Factor (TF), performs better in the LST prediction in areas with complex surface elevation.
...
The TF can independently explain the variance in LST in an area to a significant extent.
...
vertical morphological components
...
In summary, the drawback for these studies is related to their practicality in a large-scale associated with the data acquisition needed to develop the required indices. To overcome this limitation, (Ren et al., 2020) proposed the use of open source data for a rapid acquisition of the necessary vertical morphological data for the calculat
--------------------------------------------------------------------------------
TITLE: Confronting Land Surface Temperature and Ground Station Data for Urban Heat Island Assessment and Urban Building Energy Modeling—A Case Study for Northern Italy
URL: https://doi.org/10.3390/en19030724
PUBLISHED: 2026-01-29T00:00:00.000Z
HIGHLIGHT: Data scarcity limits robust assessment of urban overheating and its implications for building energy use, especially in complex-terrain cities such as those in mountain environments. In this context, Land Surface Temperature (LST) from thermal remote sensing can be used to map urban hotspots at high spatial resolution. Nevertheless, it does not provide the full set of hourly atmospheric variables required to run building energy simulations aimed at quantifying their impact and defining mitigation measures. Given these premises, this study proposes a methodology combining satellite-derived LST 
--------------------------------------------------------------------------------
TITLE: Integrated effects of land cover, topography, urban morphology, and PM2.5 on land surface temperature | PLOS One
URL: https://journals.plos.org/plosone/article?id=10.1371%2Fjournal.pone.0344297
PUBLISHED: 2026-05-15T16:52:52.000Z
HIGHLIGHT: Rapid urbanization profoundly alters land surface characteristics, intensifying thermal stress and air pollution, yet the seasonal dynamics of land surface temperature (LST) in high-altitude cities remain poorly understood. This study focuses on Xining, a representative plateau city, to examine how land cover, topography, urban morphology, and atmospheric pollution jointly regulate urban thermal environments. We integrated multi-source remote sensing data into a multidimensional indicator system and applied XGBoost, SHAP, and structural equation modeling to quantify nonlinear contributions, th
--------------------------------------------------------------------------------
TITLE: Urban climate in complex topography : analysis of ensemble Kilometer-Scale climate simulations
URL: https://resolver.obvsg.at/urn:nbn:at:at-ubi:1-170621
PUBLISHED: 2025-01-01T00:00:00.000Z
HIGHLIGHT: # Urban climate in complex topography : analysis of ensemble Kilometer-Scale climate simulations

Digital Library of the University of Innsbruck (University of Innsbruck). Published: 2025-01-01. Dissertation. 0 citations.

## Abstract

Urban heating and the intensification of global warming in mountain regions cause residents of Alpine cities to experience disproportionally high heat stress. Recent advancements in climate modeling allow urban and mountain regions to be simulated at increasingly higher resolution. An example is the CORDEX Flagship Pilot Study on Convection Phenomena, an ensembl
====================================================================================================
FILE: q8_military.json
num results: 10
--------------------------------------------------------------------------------
TITLE: Army Terrestrial Environmental Modeling and Intelligence System, ARTEMIS
URL: https://doi.org/10.21079/11681/35093
PUBLISHED: 2020-01-08T00:00:00.000Z
HIGHLIGHT: The Army Terrestrial Modeling and Intelligence System (ARTEMIS) re search program focused on developing innovative methods of fusing weather data from authoritative sources with geospatial content and ser vices to fill a number of identified Army capability gaps. The tools devel oped within the ARTEMIS research program can support operations any where in the world, supporting Army Global Land Operation’s needs. We overcame technology challenges that limited the use of gridded weather products and digital terrain products with Army tactical decision aids, providing relevancy to the impacts of w
--------------------------------------------------------------------------------
TITLE: Weather Support for Army Tactical Operations
URL: https://www.bits.de/NRANEU/others/amd-us-archive/fm34-81%2889%29.pdf
PUBLISHED: None
HIGHLIGHT: are often referred to as the wet trilogy, as shown in Figure 1-1.
...
WEATHER SUPPORT 
Weather information provided by each of the sources in the preceding 
paragraphs must be integrated with operational data to determine its 
impact on tactical operations. Intelligence staffs of EAC, corps, 
divisons, ACRs, separate brigades, aviation brigades, and SOFs convert 
correlated data into information that is useful to the commander. 
Weather information is the staff responsibility of the intelligence 
officer at each echelon. At EAC, corps, divisions, ACRs, separate 
brigades, aviation brigades, an
--------------------------------------------------------------------------------
TITLE: Owning the Weather: Weather Support to Force XXI
URL: https://irp.fas.org/agency/army/mipb/1997-1/1szymber.htm
PUBLISHED: None
HIGHLIGHT: "Owning the Weather" is about understanding, anticipating, and exploiting the impacts of weather on both friendly and threat capabilities to gain a warfighting edge over enemy forces. Owning the Weather (OTW) will soon provide Force XXI an effective "all-weather" mission capability by giving the warfighter the information he needs to fight and operate smart weapons and munitions in all weather conditions. It will enable commanders and soldiers to fully exploit tactics that maximize the weather-related advantages our forces have over the threat. OTW is the use of advance knowledge of battlefiel
--------------------------------------------------------------------------------
TITLE: U.S. Army Tactical Weather Support Requirements for Weather and Environmental Data Elements and Meteorological Forecasts
URL: https://apps.dtic.mil/sti/tr/pdf/ADA443245.pdf
PUBLISHED: None
HIGHLIGHT: the spatial (horizontal and vertical) and temporal resolutions for meteorological forecasts necessary to satisfy the validated accuracy
...
requirements for over 80 atmospheric (meteorological), state-of-the-ground (terrain), state-ofthe-sea (oceanographic), and space weather data elements, including data accuracy requirements 
and critical threshold values and impacts. 
This report attempts to establish the meteorological forecast temporal and spatial (horizontal and
...
vertical) resolutions and domains necessary to satisfy the Army’s weather and environmental
...
requirements. Temporal and
--------------------------------------------------------------------------------
TITLE: UAS Support for Battlefields: Current and Future Weather Capabilities and Needs
URL: https://ral.ucar.edu/sites/default/files/docs/5-knapp.pdf
PUBLISHED: None
HIGHLIGHT: ##### Operational weather support of manned/unmanned aviation operations
...
METARS 
TAF 
PIREP 
Weather Depiction Charts 
Area Forecasts 
Satellite imagery 
DoD Regional forecast products… 
• Self-briefed via pre-flight planning tools 
• Briefed by phone to Staff Weather Officer (SWO) at Combat Weather Team location 
• Best: Face-to-Face SWO brief 
• Worst: (sometimes no brief?)
...
FLIGHT HAZARDS (TURBC, ICING, TSTMS) FOR KFHU AND HUNTER/PIONEER MEFS ARE INCLUDED IN TRAINING AREA FORECASTS
...
Weather Running Estimate-Nowcast Winds /Turbulence
...
Army Nowcasting >3
...
##### Tactical Weathe
--------------------------------------------------------------------------------
TITLE: Award | SBIR
URL: https://www.sbir.gov/awards/217886
PUBLISHED: None
HIGHLIGHT: Award | SBIR Skip to main content

# Award

Portfolio Data

Back to Award Search

## ML-Based Downscaling for High-Resolution Atmospheric Forecasting

### Awardee

#### AERIS LLC

1849 CHERRY ST UNIT 6LOUISVILLE, CO, USA

Award Year: 2026

UEI: TNMKZL4WJL79

HUBZone Owned: No

Woman Owned: No

Socially and Economically Disadvantaged: No

Congressional District: 2

Tagged as:

SBIR

Phase I

### Awarding Agency

DOD

Branch: NAVY

Total Award Amount: $139,999

Contract Number: N68335-26-C-0053

Agency Tracking Number: N252-105-0837

Solicitation Topic Code: N252-105

Solicitation Number: 25.2


--------------------------------------------------------------------------------
TITLE: WINDBORNE SYSTEMS INC. - AI Weather Prediction System for Military Field Operations Award | SBIR.org
URL: https://sbir.org/awards/dod-FA8649-24-P-1065-1
PUBLISHED: None
HIGHLIGHT: WindBorne Systems appears to be developing an artificial intelligence-powered weather forecasting system that may run on laptops in the field, potentially enabling military pilots and commanders to make real-time tactical decisions based on current atmospheric conditions.
...
Military operations depend on accurate, up-to-the-minute weather information, but current systems have a notable gap: they typically require connection to distant weather centers and often can't provide hyperlocal forecasts for specific tactical areas. Traditional numerical weather prediction (mathematical simulations of 
--------------------------------------------------------------------------------
TITLE: SBIR 
  
  In-Theatre Numerical Weather Prediction with Deep Learning-Powered Edge Computing
URL: https://www.highergov.com/contract/FA864924P1065/
PUBLISHED: None
HIGHLIGHT: SBIR In-Theatre Numerical Weather Prediction with Deep Learning-Powered Edge Computing
...
## Overview

 Government Description 

 In-theatre Numerical Weather Prediction With Deep Learning-powered Edge Computing 

 Awardee 

 Windborne Systems 

 Awarding / Funding Agency 

 Air Force Research Laboratory (AFRL) [DoD - USAF - AFMC] 

 NAICS 

 541715 - Research and Development in the Physical, Engineering, and Life Sciences (except Nanotechnology and Biotechnology) 

 PSC 

 AC32 - National Defense R&D Services; Defense-Related Activities; Applied Research 

 Place of Performance Palo Alto, CA
--------------------------------------------------------------------------------
TITLE: TALOS - Tactical Awareness & Land Operating System - Astute Systems
URL: https://astutesys.com/talos
PUBLISHED: None
HIGHLIGHT: TALOS delivers real-time tactical situational awareness engineered for the modern battlefield. Built from the ground up with interoperability and performance at its core, TALOS empowers commanders and operators with the information they need — when they need it.
...
From multi-source map tiles and live data connectors to full MIL-STD-2525D / APP-6D military symbology, TALOS provides a complete Battlespace Management System (BMS) for GVA platforms.
...
Satellite, topographic, terrain, street, and nautical charts with offline tile serving for disconnected operation. Pre-cache your area of operat
--------------------------------------------------------------------------------
TITLE: IMETS
URL: https://en.wikipedia.org/wiki/IMETS
PUBLISHED: None
HIGHLIGHT: Integrated Meteorological System (AN/TMQ-40 IMETS), developed by Northrop Grumman is the meteorological component of the Intelligence and Electronic Warfare (IEW), an element of the Army Battle Command System (ABCS). IMETS provides Army commanders at all echelons with an automated weather system to receive, process, and disseminate weather observations, forecasts, and weather and environmental effects decision aids to all Battlefield Operating Systems (BOS). IMETS is designed to be a mobile, tactical, automated weather data receiving, processing and dissemination system. The IMETS is an Army-f
====================================================================================================
FILE: q9_drone.json
num results: 10
--------------------------------------------------------------------------------
TITLE: Vertical Wind-Profile Driven 3D UAV Routing with CVaR-Based Altitude-Adaptive Optimization
URL: https://doi.org/10.1109/qpain69676.2026.11545802
PUBLISHED: 2026-04-16T00:00:00.000Z
HIGHLIGHT: # Vertical Wind-Profile Driven 3D UAV Routing with CVaR-Based Altitude-Adaptive Optimization
...
Most existing wind-aware UAV routing methods assume a fixed flight altitude from the outset. By doing so, these methods overlook how dramatically wind speed and direction can change with height inside the atmospheric boundary layer (ABL), where even modest shifts in altitude can expose the UAV to very different wind conditions. In this experiment, the first 3D path-planning framework is presented that jointly optimizes horizontal trajectory and altitude by coupling an empirically fitted Hellmann wi
--------------------------------------------------------------------------------
TITLE: Drone Delivery Routing with Stochastic Urban Wind
URL: https://doi.org/10.1109/itsc57777.2023.10422533
PUBLISHED: 2023-09-24T00:00:00.000Z
HIGHLIGHT: # Drone Delivery Routing with Stochastic Urban Wind
...
Urban areas present unique challenges for drone-based deliveries due to the spatially and temporally variable nature of the wind field at low altitudes. In this paper, we propose a novel approach to address these challenges and ensure safe and reliable drone delivery routings in windy urban environments. Our approach incorporates the stochastic and spatially heterogeneous urban wind field using scenario-based stochastic programming and probabilistic modeling techniques. We develop stochastic mixed integer linear programs (SMILPs) that int
--------------------------------------------------------------------------------
TITLE: ISPRS-Archives - Wind field risk aware Global Path Planning and Trajectory Optimization in Urban Low-altitude Environments
URL: https://isprs-archives.copernicus.org/articles/XLIX-B4-2026/453/2026/isprs-archives-XLIX-B4-2026-453-2026.html
PUBLISHED: 2026-08-04T10:03:23.000Z
HIGHLIGHT: ISPRS-Archives - Wind field risk aware Global Path Planning and Trajectory Optimization in Urban Low-altitude Environments

# Wind field risk aware Global Path Planning and Trajectory Optimization in Urban Low-altitude Environments 

 Sichang Wang, Leyang Zhao, Xiaoming Li, Hang Mei, Lei Han, Yang Zhao, and Ding Ma 

Abstract. Urban building clusters can significantly alter the low-altitude urban wind field, creating local regions with high wind speed, intense turbulence, and strong non-uniform disturbances. These conditions may cause lateral deviation, attitude instability, increased trajecto
--------------------------------------------------------------------------------
TITLE: WindSeer: Real-time volumetric wind prediction over complex terrain aboard a small uncrewed aerial vehicle - Microsoft Research
URL: https://www.microsoft.com/en-us/research/publication/windseer-real-time-volumetric-wind-prediction-over-complex-terrain-aboard-a-small-uav/
PUBLISHED: 2024-05-30T00:00:00.000Z
HIGHLIGHT: WindSeer: Real-time volumetric wind prediction over complex terrain aboard a small uncrewed aerial vehicle - Microsoft Research

# WindSeer: Real-time volumetric wind prediction over complex terrain aboard a small uncrewed aerial vehicle

- Florian Achermann , 
- Thomas Stastny , 
- Bogdan Danciu , 
- Andrey Kolobov , 
- Jen Jen Chung , 
- Roland Siegwart , 
- Nicholas Lawrance

 Nature Communications | May 2024 

Real-time high-resolution wind predictions are beneficial for various applications including safe crewed and uncrewed aviation. Current weather models require too much compute and la
--------------------------------------------------------------------------------
TITLE: WindSeer: real-time volumetric wind prediction over complex terrain aboard a small uncrewed aerial vehicle - PMC
URL: https://pmc.ncbi.nlm.nih.gov/articles/PMC11045725/
PUBLISHED: None
HIGHLIGHT: Real-time high-resolution wind predictions are beneficial for various applications including safe crewed and uncrewed aviation. Current weather models require too much compute and lack the necessary predictive capabilities as they are valid only at the scale of multiple kilometers and hours – much lower spatial and temporal resolutions than these applications require. Our work demonstrates the ability to predict low-altitude time-averaged wind fields in real time on limited-compute devices, from only sparse measurement data. We train a deep neural network-based model, WindSeer, using only synt
--------------------------------------------------------------------------------
TITLE: Wind-Informed Rapid Flight-Planning in Complex Urban Topologies via Machine Learning and Experimental Validation
URL: https://arxiv.org/html/2608.10309
PUBLISHED: None
HIGHLIGHT: Advanced air mobility operations hold the potential to enhance and expand regional transportation of both people and goods in populated areas. However, hazardous flight conditions arising from interactions between wind and the built environment remain a significant challenge for aerial vehicles in urban settings. This work proposes a novel framework towards safe flight planning of aerial vehicles in windy urban environments. A learning-based surrogate model is trained to rapidly predict flow fields from readily available information such as building geometry and incident wind. This surrogate p
--------------------------------------------------------------------------------
TITLE: ISPRS-Archives - Wind field risk aware Global Path Planning and Trajectory Optimization in Urban Low-altitude Environments
URL: https://isprs-archives.copernicus.org/articles/XLIX-B4-2026/453/2026/
PUBLISHED: 2026-08-04T23:26:48.000Z
HIGHLIGHT: ISPRS-Archives - Wind field risk aware Global Path Planning and Trajectory Optimization in Urban Low-altitude Environments

# Wind field risk aware Global Path Planning and Trajectory Optimization in Urban Low-altitude Environments 

 Sichang Wang, Leyang Zhao, Xiaoming Li, Hang Mei, Lei Han, Yang Zhao, and Ding Ma 

Abstract. Urban building clusters can significantly alter the low-altitude urban wind field, creating local regions with high wind speed, intense turbulence, and strong non-uniform disturbances. These conditions may cause lateral deviation, attitude instability, increased trajecto
--------------------------------------------------------------------------------
TITLE: Energy-Aware Wind-Resilient Routing for Truck-Assisted Multi-UAV Delivery under Wind Uncertainty
URL: https://arxiv.org/html/2608.11641v1
PUBLISHED: None
HIGHLIGHT: Energy feasibility under wind uncertainty is a critical safety issue for low-altitude air-ground delivery. In truck-UAV systems, UAVs complete assigned deliveries and safely return to a mobile truck or depot, while wind-induced propulsion costs vary online and are only partially observable. Existing routing methods often rely on static or deterministic energy models, which may underestimate headwind, crosswind, battery-voltage, and return-feasibility risks. This paper proposes Energy-Aware Wind-Resilient Routing (EWR), an online risk-sensitive planning framework for wind-aware and energy-safe 
--------------------------------------------------------------------------------
TITLE: Drone Delivery Routing with Stochastic Urban Wind
URL: https://ieeexplore.ieee.org/document/10422533
PUBLISHED: None
HIGHLIGHT: Urban areas present unique challenges for drone-based deliveries due to the spatially and temporally variable nature of the wind field at low altitudes. In this paper, we...Show More
...
Urban areas present unique challenges for drone-based deliveries due to the spatially and temporally variable nature of the wind field at low altitudes. In this paper, we propose a novel approach to address these challenges and ensure safe and reliable drone delivery routings in windy urban environments. Our approach incorporates the stochastic and spatially heterogeneous urban wind field using scenario-based 
--------------------------------------------------------------------------------
TITLE: Risk-Aware Drone Routing with Stochastic Wind Fields: A Neural Network-Augmented Multi-Algorithm Approach
URL: https://doi.org/10.1109/iccit68739.2025.11491602
PUBLISHED: 2025-12-19T00:00:00.000Z
HIGHLIGHT: # Risk-Aware Drone Routing with Stochastic Wind Fields: A Neural Network-Augmented Multi-Algorithm Approach

Published: 2025-12-19. 0 citations.

## Abstract

Unmanned aerial vehicles (UAVs) are increasingly being used for delivery, surveillance, and rescue operations, yet their reliability suffers under unpredictable wind. Most path planning methods use Ant Colony Optimization (ACO) and/or Particle Swarm Optimization (PSO) while focusing only on minimizing distance or time and ignore stochastic wind-induced failures. This reduces reliability in real-world scenarios. This paper presents a hybr
