{
  "bands": {
    "ATL": [
      {
        "group": "A",
        "model_type": "RF",
        "config": "RF(n=200,d=6)",
        "n_estimators": 200,
        "max_depth": 6,
        "val": {
          "macro_f1": 0.4268811600441367,
          "binary_f1": 0.615713522180652,
          "fnr": 0.33525678015002885,
          "per_class_f1": {
            "1": 0.5130953178377654,
            "2": 0.5171181131380136,
            "3": 0.42182941479320407,
            "4": 0.25548179440756386
          },
          "class_3_f1": 0.42182941479320407,
          "class_4_f1": 0.25548179440756386
        },
        "test": {
          "macro_f1": 0.37899842522578897,
          "binary_f1": 0.5069374369323916,
          "fnr": 0.41821077012159813,
          "per_class_f1": {
            "1": 0.5177257525083612,
            "2": 0.4176486496928486,
            "3": 0.3303541873551804,
            "4": 0.25026511134676566
          },
          "class_3_f1": 0.3303541873551804,
          "class_4_f1": 0.25026511134676566
        }
      },
      {
        "group": "A",
        "model_type": "RF",
        "config": "RF(n=200,d=8)",
        "n_estimators": 200,
        "max_depth": 8,
        "val": {
          "macro_f1": 0.42921244545629866,
          "binary_f1": 0.617631248880129,
          "fnr": 0.33698788228505483,
          "per_class_f1": {
            "1": 0.5095983662355343,
            "2": 0.5259981092284197,
            "3": 0.4340377571146802,
            "4": 0.2472155492465604
          },
          "class_3_f1": 0.4340377571146802,
          "class_4_f1": 0.2472155492465604
        },
        "test": {
          "macro_f1": 0.38899907083596996,
          "binary_f1": 0.5062356833799949,
          "fnr": 0.424145917776491,
          "per_class_f1": {
            "1": 0.5132654915500636,
            "2": 0.4317597215917688,
            "3": 0.3416249394282022,
            "4": 0.2693461307738452
          },
          "class_3_f1": 0.3416249394282022,
          "class_4_f1": 0.2693461307738452
        }
      },
      {
        "group": "A",
        "model_type": "RF",
        "config": "RF(n=200,d=10)",
        "n_estimators": 200,
        "max_depth": 10,
        "val": {
          "macro_f1": 0.43818172386926146,
          "binary_f1": 0.6180496342503253,
          "fnr": 0.33775726101173303,
          "per_class_f1": {
            "1": 0.5079825834542816,
            "2": 0.5316957210776545,
            "3": 0.45647290856297595,
            "4": 0.256575682382134
          },
          "class_3_f1": 0.45647290856297595,
          "class_4_f1": 0.256575682382134
        },
        "test": {
          "macro_f1": 0.4004102101225055,
          "binary_f1": 0.5097258778968993,
          "fnr": 0.42530399536768965,
          "per_class_f1": {
            "1": 0.5118553372082295,
            "2": 0.44661637370396523,
            "3": 0.3613319688262615,
            "4": 0.2818371607515658
          },
          "class_3_f1": 0.3613319688262615,
          "class_4_f1": 0.2818371607515658
        }
      },
      {
        "group": "A",
        "model_type": "RF",
        "config": "RF(n=200,d=20)",
        "n_estimators": 200,
        "max_depth": 20,
        "val": {
          "macro_f1": 0.4546889590951792,
          "binary_f1": 0.6153989734017732,
          "fnr": 0.3658395845354876,
          "per_class_f1": {
            "1": 0.4997780736795384,
            "2": 0.5674377705627706,
            "3": 0.492242823936429,
            "4": 0.25929716820197884
          },
          "class_3_f1": 0.492242823936429,
          "class_4_f1": 0.25929716820197884
        },
        "test": {
          "macro_f1": 0.42198006823348605,
          "binary_f1": 0.5094503439524477,
          "fnr": 0.44788650839606253,
          "per_class_f1": {
            "1": 0.5053285968028419,
            "2": 0.4978736645576185,
            "3": 0.39799768964189447,
            "4": 0.28672032193158953
          },
          "class_3_f1": 0.39799768964189447,
          "class_4_f1": 0.28672032193158953
        }
      },
      {
        "group": "A",
        "model_type": "RF",
        "config": "RF(n=200,d=None)",
        "n_estimators": 200,
        "max_depth": null,
        "val": {
          "macro_f1": 0.4557332298461038,
          "binary_f1": 0.6144781144781145,
          "fnr": 0.3681477207155222,
          "per_class_f1": {
            "1": 0.4948178856973645,
            "2": 0.5662975965433432,
            "3": 0.4947818093332612,
            "4": 0.2670356278104462
          },
          "class_3_f1": 0.4947818093332612,
          "class_4_f1": 0.2670356278104462
        },
        "test": {
          "macro_f1": 0.4244528945222983,
          "binary_f1": 0.5094099524479271,
          "fnr": 0.4494788650839606,
          "per_class_f1": {
            "1": 0.5061722274552576,
            "2": 0.5023054160071571,
            "3": 0.39901135398161736,
            "4": 0.2903225806451613
          },
          "class_3_f1": 0.39901135398161736,
          "class_4_f1": 0.2903225806451613
        }
      },
      {
        "group": "A",
        "model_type": "RF",
        "config": "RF(n=300,d=6)",
        "n_estimators": 300,
        "max_depth": 6,
        "val": {
          "macro_f1": 0.42604373656113737,
          "binary_f1": 0.6163381788994916,
          "fnr": 0.3353529524908636,
          "per_class_f1": {
            "1": 0.5099244803849495,
            "2": 0.5163858885980758,
            "3": 0.4216612284618467,
            "4": 0.2562033487996772
          },
          "class_3_f1": 0.4216612284618467,
          "class_4_f1": 0.2562033487996772
        },
        "test": {
          "macro_f1": 0.37848322955658753,
          "binary_f1": 0.5053973865286282,
          "fnr": 0.4205269253039954,
          "per_class_f1": {
            "1": 0.5190819322124366,
            "2": 0.41639255446770634,
            "3": 0.3275221019581922,
            "4": 0.250936329588015
          },
          "class_3_f1": 0.3275221019581922,
          "class_4_f1": 0.250936329588015
        }
      },
      {
        "group": "A",
        "model_type": "RF",
        "config": "RF(n=300,d=8)",
        "n_estimators": 300,
        "max_depth": 8,
        "val": {
          "macro_f1": 0.43009220631169315,
          "binary_f1": 0.6168650971264882,
          "fnr": 0.33727639930755915,
          "per_class_f1": {
            "1": 0.5109994568169474,
            "2": 0.5249580995409167,
            "3": 0.43386660657954035,
            "4": 0.25054466230936817
          },
          "class_3_f1": 0.43386660657954035,
          "class_4_f1": 0.25054466230936817
        },
        "test": {
          "macro_f1": 0.38755504101098476,
          "binary_f1": 0.5075478878599518,
          "fnr": 0.420816444701795,
          "per_class_f1": {
            "1": 0.5139548559279866,
            "2": 0.4282834430033091,
            "3": 0.3418720799097793,
            "4": 0.26610978520286394
          },
          "class_3_f1": 0.3418720799097793,
          "class_4_f1": 0.26610978520286394
        }
      },
      {
        "group": "A",
        "model_type": "RF",
        "config": "RF(n=300,d=10)",
        "n_estimators": 300,
        "max_depth": 10,
        "val": {
          "macro_f1": 0.43865015041897787,
          "binary_f1": 0.6185113733231639,
          "fnr": 0.3370840546258896,
          "per_class_f1": {
            "1": 0.5075945871306269,
            "2": 0.5305842915329994,
            "3": 0.4577152553505939,
            "4": 0.25870646766169153
          },
          "class_3_f1": 0.4577152553505939,
          "class_4_f1": 0.25870646766169153
        },
        "test": {
          "macro_f1": 0.4000049052988319,
          "binary_f1": 0.5081303425670031,
          "fnr": 0.42776491024898666,
          "per_class_f1": {
            "1": 0.5124712379199263,
            "2": 0.44517209302325583,
            "3": 0.3589501064081343,
            "4": 0.28342618384401114
          },
          "class_3_f1": 0.3589501064081343,
          "class_4_f1": 0.28342618384401114
        }
      },
      {
        "group": "A",
        "model_type": "RF",
        "config": "RF(n=300,d=20)",
        "n_estimators": 300,
        "max_depth": 20,
        "val": {
          "macro_f1": 0.45614284019214,
          "binary_f1": 0.615693788848904,
          "fnr": 0.36651279092133104,
          "per_class_f1": {
            "1": 0.5015150395388367,
            "2": 0.5686764904691091,
            "3": 0.4932114458808893,
            "4": 0.2611683848797251
          },
          "class_3_f1": 0.4932114458808893,
          "class_4_f1": 0.2611683848797251
        },
        "test": {
          "macro_f1": 0.42273677687841205,
          "binary_f1": 0.5102776294714362,
          "fnr": 0.4465836711059641,
          "per_class_f1": {
            "1": 0.5047023487123935,
            "2": 0.49676145613245126,
            "3": 0.3993226600985222,
            "4": 0.2901606425702811
          },
          "class_3_f1": 0.3993226600985222,
          "class_4_f1": 0.2901606425702811
        }
      },
      {
        "group": "A",
        "model_type": "RF",
        "config": "RF(n=300,d=None)",
        "n_estimators": 300,
        "max_depth": null,
        "val": {
          "macro_f1": 0.45678456856764793,
          "binary_f1": 0.6156507105459985,
          "fnr": 0.36670513560300055,
          "per_class_f1": {
            "1": 0.4945185185185185,
            "2": 0.5676478530920875,
            "3": 0.4965435299200691,
            "4": 0.26842837273991654
          },
          "class_3_f1": 0.4965435299200691,
          "class_4_f1": 0.26842837273991654
        },
        "test": {
          "macro_f1": 0.42516396002563184,
          "binary_f1": 0.5100590128755365,
          "fnr": 0.4494788650839606,
          "per_class_f1": {
            "1": 0.5058643044489534,
            "2": 0.5023928386985712,
            "3": 0.3992260061919505,
            "4": 0.2931726907630522
          },
          "class_3_f1": 0.3992260061919505,
          "class_4_f1": 0.2931726907630522
        }
      },
      {
        "group": "A",
        "model_type": "RF",
        "config": "RF(n=500,d=6)",
        "n_estimators": 500,
        "max_depth": 6,
        "val": {
          "macro_f1": 0.4277618617731976,
          "binary_f1": 0.6172696489039387,
          "fnr": 0.3338141950375072,
          "per_class_f1": {
            "1": 0.5110367892976588,
            "2": 0.5172184942113414,
            "3": 0.42319803057193567,
            "4": 0.2595941330118545
          },
          "class_3_f1": 0.42319803057193567,
          "class_4_f1": 0.2595941330118545
        },
        "test": {
          "macro_f1": 0.3785435699877244,
          "binary_f1": 0.5059527559055118,
          "fnr": 0.41864504921829765,
          "per_class_f1": {
            "1": 0.5179471173139519,
            "2": 0.4162864434305158,
            "3": 0.3282744968657209,
            "4": 0.2516662223407091
          },
          "class_3_f1": 0.3282744968657209,
          "class_4_f1": 0.2516662223407091
        }
      },
      {
        "group": "A",
        "model_type": "RF",
        "config": "RF(n=500,d=8)",
        "n_estimators": 500,
        "max_depth": 8,
        "val": {
          "macro_f1": 0.4307320314611208,
          "binary_f1": 0.6173998569384835,
          "fnr": 0.3359299865358723,
          "per_class_f1": {
            "1": 0.5104414665669003,
            "2": 0.5245017670419354,
            "3": 0.4357880556802874,
            "4": 0.2521968365553603
          },
          "class_3_f1": 0.4357880556802874,
          "class_4_f1": 0.2521968365553603
        },
        "test": {
          "macro_f1": 0.38927163797249226,
          "binary_f1": 0.5079344928272185,
          "fnr": 0.420816444701795,
          "per_class_f1": {
            "1": 0.5148263841731179,
            "2": 0.4298468903157175,
            "3": 0.3435157572338196,
            "4": 0.268897520167314
          },
          "class_3_f1": 0.3435157572338196,
          "class_4_f1": 0.268897520167314
        }
      },
      {
        "group": "A",
        "model_type": "RF",
        "config": "RF(n=500,d=10)",
        "n_estimators": 500,
        "max_depth": 10,
        "val": {
          "macro_f1": 0.4389217288811082,
          "binary_f1": 0.618745785569791,
          "fnr": 0.3381419503750721,
          "per_class_f1": {
            "1": 0.508066191234508,
            "2": 0.5324133965789852,
            "3": 0.4567887694669884,
            "4": 0.2584185582439511
          },
          "class_3_f1": 0.4567887694669884,
          "class_4_f1": 0.2584185582439511
        },
        "test": {
          "macro_f1": 0.3997489411558497,
          "binary_f1": 0.5086861407798224,
          "fnr": 0.42776491024898666,
          "per_class_f1": {
            "1": 0.5118680001843573,
            "2": 0.4456824512534819,
            "3": 0.35950086874111514,
            "4": 0.28194444444444444
          },
          "class_3_f1": 0.35950086874111514,
          "class_4_f1": 0.28194444444444444
        }
      },
      {
        "group": "A",
        "model_type": "RF",
        "config": "RF(n=500,d=20)",
        "n_estimators": 500,
        "max_depth": 20,
        "val": {
          "macro_f1": 0.4555512820332841,
          "binary_f1": 0.6175909112073381,
          "fnr": 0.36218503558376614,
          "per_class_f1": {
            "1": 0.4991483374065023,
            "2": 0.5683234019501625,
            "3": 0.4946375639989221,
            "4": 0.2600958247775496
          },
          "class_3_f1": 0.4946375639989221,
          "class_4_f1": 0.2600958247775496
        },
        "test": {
          "macro_f1": 0.42290966409622754,
          "binary_f1": 0.5096385542168674,
          "fnr": 0.44889982628836134,
          "per_class_f1": {
            "1": 0.5049500073880707,
            "2": 0.4970782476401231,
            "3": 0.4001233520931308,
            "4": 0.2894870492635856
          },
          "class_3_f1": 0.4001233520931308,
          "class_4_f1": 0.2894870492635856
        }
      },
      {
        "group": "A",
        "model_type": "RF",
        "config": "RF(n=500,d=None)",
        "n_estimators": 500,
        "max_depth": null,
        "val": {
          "macro_f1": 0.45548905366534875,
          "binary_f1": 0.6159450749614684,
          "fnr": 0.3658395845354876,
          "per_class_f1": {
            "1": 0.49354886549013793,
            "2": 0.5672710084742901,
            "3": 0.4962771123340887,
            "4": 0.264859228362878
          },
          "class_3_f1": 0.4962771123340887,
          "class_4_f1": 0.264859228362878
        },
        "test": {
          "macro_f1": 0.42438084518220576,
          "binary_f1": 0.509790817349462,
          "fnr": 0.44788650839606253,
          "per_class_f1": {
            "1": 0.5062877512625013,
            "2": 0.5010516153501362,
            "3": 0.4001231621892079,
            "4": 0.29006085192697767
          },
          "class_3_f1": 0.4001231621892079,
          "class_4_f1": 0.29006085192697767
        }
      },
      {
        "group": "A",
        "model_type": "RF",
        "config": "RF(n=600,d=6)",
        "n_estimators": 600,
        "max_depth": 6,
        "val": {
          "macro_f1": 0.4283443358200845,
          "binary_f1": 0.6172773468841937,
          "fnr": 0.3341027120600115,
          "per_class_f1": {
            "1": 0.5110026085211692,
            "2": 0.5177103682134827,
            "3": 0.42379480132829495,
            "4": 0.2608695652173913
          },
          "class_3_f1": 0.42379480132829495,
          "class_4_f1": 0.2608695652173913
        },
        "test": {
          "macro_f1": 0.3783981674838034,
          "binary_f1": 0.5066834804539723,
          "fnr": 0.41835552982049795,
          "per_class_f1": {
            "1": 0.5181886994078098,
            "2": 0.41570903462952213,
            "3": 0.32876259705930944,
            "4": 0.2509323388385722
          },
          "class_3_f1": 0.32876259705930944,
          "class_4_f1": 0.2509323388385722
        }
      },
      {
        "group": "A",
        "model_type": "RF",
        "config": "RF(n=600,d=8)",
        "n_estimators": 600,
        "max_depth": 8,
        "val": {
          "macro_f1": 0.4308678108742395,
          "binary_f1": 0.6178810907465355,
          "fnr": 0.3353529524908636,
          "per_class_f1": {
            "1": 0.50995582738702,
            "2": 0.5240056869964639,
            "3": 0.43665132981708,
            "4": 0.25285839929639403
          },
          "class_3_f1": 0.43665132981708,
          "class_4_f1": 0.25285839929639403
        },
        "test": {
          "macro_f1": 0.38817029228177463,
          "binary_f1": 0.5080895882240974,
          "fnr": 0.42038216560509556,
          "per_class_f1": {
            "1": 0.514492425955234,
            "2": 0.42871272063298843,
            "3": 0.34308746473196294,
            "4": 0.266388557806913
          },
          "class_3_f1": 0.34308746473196294,
          "class_4_f1": 0.266388557806913
        }
      },
      {
        "group": "A",
        "model_type": "RF",
        "config": "RF(n=600,d=10)",
        "n_estimators": 600,
        "max_depth": 10,
        "val": {
          "macro_f1": 0.4399560483767356,
          "binary_f1": 0.6186494020321913,
          "fnr": 0.3383342950567417,
          "per_class_f1": {
            "1": 0.5079562750795628,
            "2": 0.5321351545650611,
            "3": 0.45857988165680474,
            "4": 0.2611528822055138
          },
          "class_3_f1": 0.45857988165680474,
          "class_4_f1": 0.2611528822055138
        },
        "test": {
          "macro_f1": 0.4001401401960727,
          "binary_f1": 0.509282456478448,
          "fnr": 0.4261725535610886,
          "per_class_f1": {
            "1": 0.5116814893322889,
            "2": 0.44489886972040454,
            "3": 0.3615614670234535,
            "4": 0.282418734708144
          },
          "class_3_f1": 0.3615614670234535,
          "class_4_f1": 0.282418734708144
        }
      },
      {
        "group": "A",
        "model_type": "RF",
        "config": "RF(n=600,d=20)",
        "n_estimators": 600,
        "max_depth": 20,
        "val": {
          "macro_f1": 0.4552282310325817,
          "binary_f1": 0.6169349195241428,
          "fnr": 0.3641084824004616,
          "per_class_f1": {
            "1": 0.4985207100591716,
            "2": 0.5679780792260073,
            "3": 0.4947095659684733,
            "4": 0.2597045688766747
          },
          "class_3_f1": 0.4947095659684733,
          "class_4_f1": 0.2597045688766747
        },
        "test": {
          "macro_f1": 0.42343234237468313,
          "binary_f1": 0.508859913072551,
          "fnr": 0.449189345686161,
          "per_class_f1": {
            "1": 0.505223733491031,
            "2": 0.49666286267593457,
            "3": 0.3997535238388662,
            "4": 0.2920892494929006
          },
          "class_3_f1": 0.3997535238388662,
          "class_4_f1": 0.2920892494929006
        }
      },
      {
        "group": "A",
        "model_type": "RF",
        "config": "RF(n=600,d=None)",
        "n_estimators": 600,
        "max_depth": null,
        "val": {
          "macro_f1": 0.4547662190955584,
          "binary_f1": 0.6162687473718638,
          "fnr": 0.36574341219465284,
          "per_class_f1": {
            "1": 0.49274289099526064,
            "2": 0.5666520314769158,
            "3": 0.4964936886395512,
            "4": 0.2631762652705061
          },
          "class_3_f1": 0.4964936886395512,
          "class_4_f1": 0.2631762652705061
        },
        "test": {
          "macro_f1": 0.4234310988906682,
          "binary_f1": 0.5093342254934761,
          "fnr": 0.44904458598726116,
          "per_class_f1": {
            "1": 0.5049225745807154,
            "2": 0.4997586706198717,
            "3": 0.40015426147319705,
            "4": 0.28888888888888886
          },
          "class_3_f1": 0.40015426147319705,
          "class_4_f1": 0.28888888888888886
        }
      },
      {
        "group": "B",
        "model_type": "ExtraTrees",
        "config": "ET(n=200,d=6)",
        "n_estimators": 200,
        "max_depth": 6,
        "val": {
          "macro_f1": 0.4132397496643554,
          "binary_f1": 0.6163896021984953,
          "fnr": 0.34208501634929794,
          "per_class_f1": {
            "1": 0.48796331677493315,
            "2": 0.5057669910207762,
            "3": 0.40264853256979244,
            "4": 0.25658015829191977
          },
          "class_3_f1": 0.40264853256979244,
          "class_4_f1": 0.25658015829191977
        },
        "test": {
          "macro_f1": 0.3568006007589923,
          "binary_f1": 0.5139188938954385,
          "fnr": 0.39736537348002315,
          "per_class_f1": {
            "1": 0.5210205733270861,
            "2": 0.3755615453728661,
            "3": 0.3148682943904787,
            "4": 0.21575198994553832
          },
          "class_3_f1": 0.3148682943904787,
          "class_4_f1": 0.21575198994553832
        }
      },
      {
        "group": "B",
        "model_type": "ExtraTrees",
        "config": "ET(n=200,d=8)",
        "n_estimators": 200,
        "max_depth": 8,
        "val": {
          "macro_f1": 0.4160418558905228,
          "binary_f1": 0.6146623329721921,
          "fnr": 0.3452587035968456,
          "per_class_f1": {
            "1": 0.4906514847641845,
            "2": 0.5086408741219757,
            "3": 0.40842501617932575,
            "4": 0.25645004849660524
          },
          "class_3_f1": 0.40842501617932575,
          "class_4_f1": 0.25645004849660524
        },
        "test": {
          "macro_f1": 0.36783831685931717,
          "binary_f1": 0.5125410292933672,
          "fnr": 0.4009843659525188,
          "per_class_f1": {
            "1": 0.5217918724547266,
            "2": 0.3902145578504111,
            "3": 0.32098557083790397,
            "4": 0.2383612662942272
          },
          "class_3_f1": 0.32098557083790397,
          "class_4_f1": 0.2383612662942272
        }
      },
      {
        "group": "B",
        "model_type": "ExtraTrees",
        "config": "ET(n=200,d=10)",
        "n_estimators": 200,
        "max_depth": 10,
        "val": {
          "macro_f1": 0.4190322580725592,
          "binary_f1": 0.6123310431541605,
          "fnr": 0.3442969801884978,
          "per_class_f1": {
            "1": 0.4919519085474016,
            "2": 0.5086953304225561,
            "3": 0.41858595141002813,
            "4": 0.2568958419102511
          },
          "class_3_f1": 0.41858595141002813,
          "class_4_f1": 0.2568958419102511
        },
        "test": {
          "macro_f1": 0.37461945308389577,
          "binary_f1": 0.5095842668658203,
          "fnr": 0.40735379270411115,
          "per_class_f1": {
            "1": 0.5196587210836485,
            "2": 0.39971606593579934,
            "3": 0.32929342897188557,
            "4": 0.24980959634424982
          },
          "class_3_f1": 0.32929342897188557,
          "class_4_f1": 0.24980959634424982
        }
      },
      {
        "group": "B",
        "model_type": "ExtraTrees",
        "config": "ET(n=200,d=20)",
        "n_estimators": 200,
        "max_depth": 20,
        "val": {
          "macro_f1": 0.4445935086330237,
          "binary_f1": 0.6088724584103512,
          "fnr": 0.36641661858049623,
          "per_class_f1": {
            "1": 0.49218419940853403,
            "2": 0.5440468717304876,
            "3": 0.4659222179437813,
            "4": 0.2762207454492921
          },
          "class_3_f1": 0.4659222179437813,
          "class_4_f1": 0.2762207454492921
        },
        "test": {
          "macro_f1": 0.40881757252909723,
          "binary_f1": 0.5061453974895398,
          "fnr": 0.43963520555877245,
          "per_class_f1": {
            "1": 0.5182117647058824,
            "2": 0.4646969367803606,
            "3": 0.36829249074147036,
            "4": 0.2840690978886756
          },
          "class_3_f1": 0.36829249074147036,
          "class_4_f1": 0.2840690978886756
        }
      },
      {
        "group": "B",
        "model_type": "ExtraTrees",
        "config": "ET(n=200,d=None)",
        "n_estimators": 200,
        "max_depth": null,
        "val": {
          "macro_f1": 0.4488964257491641,
          "binary_f1": 0.606023871689668,
          "fnr": 0.3749759569147913,
          "per_class_f1": {
            "1": 0.49551729045111714,
            "2": 0.5506307299924175,
            "3": 0.4646386144110137,
            "4": 0.2847990681421083
          },
          "class_3_f1": 0.4646386144110137,
          "class_4_f1": 0.2847990681421083
        },
        "test": {
          "macro_f1": 0.4113712480934906,
          "binary_f1": 0.5072463768115942,
          "fnr": 0.4426751592356688,
          "per_class_f1": {
            "1": 0.5167609718986258,
            "2": 0.4737952992523164,
            "3": 0.37068079386415753,
            "4": 0.284247927358863
          },
          "class_3_f1": 0.37068079386415753,
          "class_4_f1": 0.284247927358863
        }
      },
      {
        "group": "B",
        "model_type": "ExtraTrees",
        "config": "ET(n=300,d=6)",
        "n_estimators": 300,
        "max_depth": 6,
        "val": {
          "macro_f1": 0.4130827636784583,
          "binary_f1": 0.6148374898712524,
          "fnr": 0.3432390844393153,
          "per_class_f1": {
            "1": 0.49053950396318075,
            "2": 0.5061895115912671,
            "3": 0.40009543122986996,
            "4": 0.2555066079295154
          },
          "class_3_f1": 0.40009543122986996,
          "class_4_f1": 0.2555066079295154
        },
        "test": {
          "macro_f1": 0.3563064406813498,
          "binary_f1": 0.5129906025428413,
          "fnr": 0.3954834973943254,
          "per_class_f1": {
            "1": 0.5211128734942342,
            "2": 0.3768529076396807,
            "3": 0.31364349189754315,
            "4": 0.21361648969394129
          },
          "class_3_f1": 0.31364349189754315,
          "class_4_f1": 0.21361648969394129
        }
      },
      {
        "group": "B",
        "model_type": "ExtraTrees",
        "config": "ET(n=300,d=8)",
        "n_estimators": 300,
        "max_depth": 8,
        "val": {
          "macro_f1": 0.4167620947757298,
          "binary_f1": 0.6145055340592099,
          "fnr": 0.3432390844393153,
          "per_class_f1": {
            "1": 0.49306725411429314,
            "2": 0.5092344355078939,
            "3": 0.40865384615384615,
            "4": 0.25609284332688587
          },
          "class_3_f1": 0.40865384615384615,
          "class_4_f1": 0.25609284332688587
        },
        "test": {
          "macro_f1": 0.3673773940325414,
          "binary_f1": 0.5126875347286535,
          "fnr": 0.39895773016792124,
          "per_class_f1": {
            "1": 0.5212595005428882,
            "2": 0.3905059738593537,
            "3": 0.3211998651836872,
            "4": 0.23654423654423654
          },
          "class_3_f1": 0.3211998651836872,
          "class_4_f1": 0.23654423654423654
        }
      },
      {
        "group": "B",
        "model_type": "ExtraTrees",
        "config": "ET(n=300,d=10)",
        "n_estimators": 300,
        "max_depth": 10,
        "val": {
          "macro_f1": 0.42115872063178816,
          "binary_f1": 0.6143145613641463,
          "fnr": 0.3417003269859588,
          "per_class_f1": {
            "1": 0.49305279872965463,
            "2": 0.5111184865582475,
            "3": 0.42201099404489234,
            "4": 0.25845260319435803
          },
          "class_3_f1": 0.42201099404489234,
          "class_4_f1": 0.25845260319435803
        },
        "test": {
          "macro_f1": 0.3758281819422321,
          "binary_f1": 0.5109507217521155,
          "fnr": 0.40561667631731324,
          "per_class_f1": {
            "1": 0.5204090628581504,
            "2": 0.40313311816106434,
            "3": 0.33072938080749936,
            "4": 0.24904116594221426
          },
          "class_3_f1": 0.33072938080749936,
          "class_4_f1": 0.24904116594221426
        }
      },
      {
        "group": "B",
        "model_type": "ExtraTrees",
        "config": "ET(n=300,d=20)",
        "n_estimators": 300,
        "max_depth": 20,
        "val": {
          "macro_f1": 0.44399550563753987,
          "binary_f1": 0.609310711478896,
          "fnr": 0.3662242738988267,
          "per_class_f1": {
            "1": 0.4937126800140499,
            "2": 0.5447120418848167,
            "3": 0.4661082332194423,
            "4": 0.27144906743185077
          },
          "class_3_f1": 0.4661082332194423,
          "class_4_f1": 0.27144906743185077
        },
        "test": {
          "macro_f1": 0.40788103102759776,
          "binary_f1": 0.5058223210781106,
          "fnr": 0.44035900405327155,
          "per_class_f1": {
            "1": 0.5181877996052261,
            "2": 0.463768115942029,
            "3": 0.36671657079820347,
            "4": 0.28285163776493255
          },
          "class_3_f1": 0.36671657079820347,
          "class_4_f1": 0.28285163776493255
        }
      },
      {
        "group": "B",
        "model_type": "ExtraTrees",
        "config": "ET(n=300,d=None)",
        "n_estimators": 300,
        "max_depth": null,
        "val": {
          "macro_f1": 0.4485528082843971,
          "binary_f1": 0.6076126504338091,
          "fnr": 0.37362954414310445,
          "per_class_f1": {
            "1": 0.49601253204215323,
            "2": 0.552042433009575,
            "3": 0.46589774869690587,
            "4": 0.2802585193889542
          },
          "class_3_f1": 0.46589774869690587,
          "class_4_f1": 0.2802585193889542
        },
        "test": {
          "macro_f1": 0.4114494061934011,
          "binary_f1": 0.5068267264692302,
          "fnr": 0.4438332368268674,
          "per_class_f1": {
            "1": 0.5170689901442651,
            "2": 0.4745714285714286,
            "3": 0.36764705882352944,
            "4": 0.28651014723438123
          },
          "class_3_f1": 0.36764705882352944,
          "class_4_f1": 0.28651014723438123
        }
      },
      {
        "group": "B",
        "model_type": "ExtraTrees",
        "config": "ET(n=500,d=6)",
        "n_estimators": 500,
        "max_depth": 6,
        "val": {
          "macro_f1": 0.41083480918578963,
          "binary_f1": 0.61464953797611,
          "fnr": 0.3442969801884978,
          "per_class_f1": {
            "1": 0.4880437547697787,
            "2": 0.5030255196001052,
            "3": 0.39719961704164675,
            "4": 0.255070345331628
          },
          "class_3_f1": 0.39719961704164675,
          "class_4_f1": 0.255070345331628
        },
        "test": {
          "macro_f1": 0.35725498135621014,
          "binary_f1": 0.5142226581657675,
          "fnr": 0.39287782281412853,
          "per_class_f1": {
            "1": 0.5220071930125021,
            "2": 0.37508164598301763,
            "3": 0.31477627471383973,
            "4": 0.21715481171548118
          },
          "class_3_f1": 0.31477627471383973,
          "class_4_f1": 0.21715481171548118
        }
      },
      {
        "group": "B",
        "model_type": "ExtraTrees",
        "config": "ET(n=500,d=8)",
        "n_estimators": 500,
        "max_depth": 8,
        "val": {
          "macro_f1": 0.4150159260775306,
          "binary_f1": 0.6149138202601143,
          "fnr": 0.3429505674168109,
          "per_class_f1": {
            "1": 0.4918350222681211,
            "2": 0.5068278486680099,
            "3": 0.4081728511038046,
            "4": 0.25322798227018695
          },
          "class_3_f1": 0.4081728511038046,
          "class_4_f1": 0.25322798227018695
        },
        "test": {
          "macro_f1": 0.36704423448200346,
          "binary_f1": 0.5120593692022264,
          "fnr": 0.40069484655471915,
          "per_class_f1": {
            "1": 0.5217315942280193,
            "2": 0.38865031905927677,
            "3": 0.32016210739615,
            "4": 0.23763291724456773
          },
          "class_3_f1": 0.32016210739615,
          "class_4_f1": 0.23763291724456773
        }
      },
      {
        "group": "B",
        "model_type": "ExtraTrees",
        "config": "ET(n=500,d=10)",
        "n_estimators": 500,
        "max_depth": 10,
        "val": {
          "macro_f1": 0.42081396607312327,
          "binary_f1": 0.6145416984775677,
          "fnr": 0.3419888440084632,
          "per_class_f1": {
            "1": 0.4912188036445266,
            "2": 0.5104232003837214,
            "3": 0.4228827174661464,
            "4": 0.2587311427980988
          },
          "class_3_f1": 0.4228827174661464,
          "class_4_f1": 0.2587311427980988
        },
        "test": {
          "macro_f1": 0.3761805936655963,
          "binary_f1": 0.5110571232791379,
          "fnr": 0.4061957151129126,
          "per_class_f1": {
            "1": 0.5206505928505312,
            "2": 0.40316236626809315,
            "3": 0.32943694435297993,
            "4": 0.25147247119078103
          },
          "class_3_f1": 0.32943694435297993,
          "class_4_f1": 0.25147247119078103
        }
      },
      {
        "group": "B",
        "model_type": "ExtraTrees",
        "config": "ET(n=500,d=20)",
        "n_estimators": 500,
        "max_depth": 20,
        "val": {
          "macro_f1": 0.4454028815160924,
          "binary_f1": 0.6084303937881309,
          "fnr": 0.36699365262550493,
          "per_class_f1": {
            "1": 0.4948815032954705,
            "2": 0.5431546579076106,
            "3": 0.4657338034376377,
            "4": 0.27784156142365096
          },
          "class_3_f1": 0.4657338034376377,
          "class_4_f1": 0.27784156142365096
        },
        "test": {
          "macro_f1": 0.4078300081143604,
          "binary_f1": 0.5068726273072391,
          "fnr": 0.4394904458598726,
          "per_class_f1": {
            "1": 0.5182855265011033,
            "2": 0.4630777596519848,
            "3": 0.36712846347607053,
            "4": 0.2828282828282828
          },
          "class_3_f1": 0.36712846347607053,
          "class_4_f1": 0.2828282828282828
        }
      },
      {
        "group": "B",
        "model_type": "ExtraTrees",
        "config": "ET(n=500,d=None)",
        "n_estimators": 500,
        "max_depth": null,
        "val": {
          "macro_f1": 0.44908205235495624,
          "binary_f1": 0.6082258139643206,
          "fnr": 0.37209078668974804,
          "per_class_f1": {
            "1": 0.4964336661911555,
            "2": 0.5530023770971854,
            "3": 0.4680544790167202,
            "4": 0.2788376871147637
          },
          "class_3_f1": 0.4680544790167202,
          "class_4_f1": 0.2788376871147637
        },
        "test": {
          "macro_f1": 0.4120100754086877,
          "binary_f1": 0.5061451037399234,
          "fnr": 0.44557035321366534,
          "per_class_f1": {
            "1": 0.5177119490276259,
            "2": 0.4743026536662024,
            "3": 0.367816091954023,
            "4": 0.28820960698689957
          },
          "class_3_f1": 0.367816091954023,
          "class_4_f1": 0.28820960698689957
        }
      },
      {
        "group": "B",
        "model_type": "ExtraTrees",
        "config": "ET(n=600,d=6)",
        "n_estimators": 600,
        "max_depth": 6,
        "val": {
          "macro_f1": 0.40994471425732215,
          "binary_f1": 0.6144773566219501,
          "fnr": 0.34362377380265435,
          "per_class_f1": {
            "1": 0.48767471410419316,
            "2": 0.501844740606882,
            "3": 0.39674855059470443,
            "4": 0.253510851723509
          },
          "class_3_f1": 0.39674855059470443,
          "class_4_f1": 0.253510851723509
        },
        "test": {
          "macro_f1": 0.35763369047572224,
          "binary_f1": 0.5140123873183295,
          "fnr": 0.39331210191082805,
          "per_class_f1": {
            "1": 0.5222303051050537,
            "2": 0.3748774910160078,
            "3": 0.31590810576506284,
            "4": 0.21751886001676446
          },
          "class_3_f1": 0.31590810576506284,
          "class_4_f1": 0.21751886001676446
        }
      },
      {
        "group": "B",
        "model_type": "ExtraTrees",
        "config": "ET(n=600,d=8)",
        "n_estimators": 600,
        "max_depth": 8,
        "val": {
          "macro_f1": 0.41589830633567665,
          "binary_f1": 0.6154330708661417,
          "fnr": 0.3422773610309675,
          "per_class_f1": {
            "1": 0.4916338264745785,
            "2": 0.5080560942861405,
            "3": 0.4091335994364874,
            "4": 0.25476970514550007
          },
          "class_3_f1": 0.4091335994364874,
          "class_4_f1": 0.25476970514550007
        },
        "test": {
          "macro_f1": 0.36732288637614086,
          "binary_f1": 0.511866501854141,
          "fnr": 0.40055008685581933,
          "per_class_f1": {
            "1": 0.5219615834887048,
            "2": 0.38834717707957145,
            "3": 0.321993937352644,
            "4": 0.23698884758364314
          },
          "class_3_f1": 0.321993937352644,
          "class_4_f1": 0.23698884758364314
        }
      },
      {
        "group": "B",
        "model_type": "ExtraTrees",
        "config": "ET(n=600,d=10)",
        "n_estimators": 600,
        "max_depth": 10,
        "val": {
          "macro_f1": 0.4203318896822909,
          "binary_f1": 0.6146319569120288,
          "fnr": 0.3415079823042893,
          "per_class_f1": {
            "1": 0.49217770149844875,
            "2": 0.5106508657289475,
            "3": 0.4214031461706281,
            "4": 0.25709584533113944
          },
          "class_3_f1": 0.4214031461706281,
          "class_4_f1": 0.25709584533113944
        },
        "test": {
          "macro_f1": 0.3764952385841391,
          "binary_f1": 0.512065847727131,
          "fnr": 0.40561667631731324,
          "per_class_f1": {
            "1": 0.5206735431543683,
            "2": 0.4036791006642821,
            "3": 0.3298407722135137,
            "4": 0.2517875383043922
          },
          "class_3_f1": 0.3298407722135137,
          "class_4_f1": 0.2517875383043922
        }
      },
      {
        "group": "B",
        "model_type": "ExtraTrees",
        "config": "ET(n=600,d=20)",
        "n_estimators": 600,
        "max_depth": 20,
        "val": {
          "macro_f1": 0.4456587707138783,
          "binary_f1": 0.6089328648048825,
          "fnr": 0.36670513560300055,
          "per_class_f1": {
            "1": 0.49533169533169535,
            "2": 0.5440770868973223,
            "3": 0.46640969162995594,
            "4": 0.2768166089965398
          },
          "class_3_f1": 0.46640969162995594,
          "class_4_f1": 0.2768166089965398
        },
        "test": {
          "macro_f1": 0.4084173651071909,
          "binary_f1": 0.5070348799162359,
          "fnr": 0.439200926462073,
          "per_class_f1": {
            "1": 0.5191277375693204,
            "2": 0.46404636841151964,
            "3": 0.3678866587957497,
            "4": 0.2826086956521739
          },
          "class_3_f1": 0.3678866587957497,
          "class_4_f1": 0.2826086956521739
        }
      },
      {
        "group": "B",
        "model_type": "ExtraTrees",
        "config": "ET(n=600,d=None)",
        "n_estimators": 600,
        "max_depth": null,
        "val": {
          "macro_f1": 0.4485101974151008,
          "binary_f1": 0.6089632980459824,
          "fnr": 0.37209078668974804,
          "per_class_f1": {
            "1": 0.49486594409583573,
            "2": 0.5541670969740783,
            "3": 0.4680756642813557,
            "4": 0.27693208430913346
          },
          "class_3_f1": 0.4680756642813557,
          "class_4_f1": 0.27693208430913346
        },
        "test": {
          "macro_f1": 0.41246753977170647,
          "binary_f1": 0.5057152296002643,
          "fnr": 0.4460046323103648,
          "per_class_f1": {
            "1": 0.5181026690137495,
            "2": 0.4746876115672974,
            "3": 0.36863366336633663,
            "4": 0.28844621513944224
          },
          "class_3_f1": 0.36863366336633663,
          "class_4_f1": 0.28844621513944224
        }
      },
      {
        "group": "C",
        "model_type": "XGBoost",
        "config": "XGB(n=300,d=6,lr=0.05)",
        "n_estimators": 300,
        "max_depth": 6,
        "learning_rate": 0.05,
        "val": {
          "macro_f1": 0.4099811609972148,
          "binary_f1": 0.6088791208791209,
          "fnr": 0.333910367378342,
          "per_class_f1": {
            "1": 0.4866289534584726,
            "2": 0.4772224341854254,
            "3": 0.4428509812378693,
            "4": 0.23322227510709187
          },
          "class_3_f1": 0.4428509812378693,
          "class_4_f1": 0.23322227510709187
        },
        "test": {
          "macro_f1": 0.387846520715882,
          "binary_f1": 0.49799249654446126,
          "fnr": 0.45237405906195716,
          "per_class_f1": {
            "1": 0.49907976837096557,
            "2": 0.4397242826103244,
            "3": 0.35073409461663946,
            "4": 0.26184793726559835
          },
          "class_3_f1": 0.35073409461663946,
          "class_4_f1": 0.26184793726559835
        }
      },
      {
        "group": "C",
        "model_type": "XGBoost",
        "config": "XGB(n=300,d=6,lr=0.1)",
        "n_estimators": 300,
        "max_depth": 6,
        "learning_rate": 0.1,
        "val": {
          "macro_f1": 0.40823893789987453,
          "binary_f1": 0.6081282298327056,
          "fnr": 0.3322754375841508,
          "per_class_f1": {
            "1": 0.4843129722115508,
            "2": 0.4725291589932474,
            "3": 0.4410135026090699,
            "4": 0.23510011778563014
          },
          "class_3_f1": 0.4410135026090699,
          "class_4_f1": 0.23510011778563014
        },
        "test": {
          "macro_f1": 0.3883340664967767,
          "binary_f1": 0.5005580723524391,
          "fnr": 0.4481760277938622,
          "per_class_f1": {
            "1": 0.5013672838122563,
            "2": 0.43949523022609477,
            "3": 0.35133598635588403,
            "4": 0.26113776559287183
          },
          "class_3_f1": 0.35133598635588403,
          "class_4_f1": 0.26113776559287183
        }
      },
      {
        "group": "C",
        "model_type": "XGBoost",
        "config": "XGB(n=300,d=8,lr=0.05)",
        "n_estimators": 300,
        "max_depth": 8,
        "learning_rate": 0.05,
        "val": {
          "macro_f1": 0.41639767249855414,
          "binary_f1": 0.6065165138431408,
          "fnr": 0.3447778418926717,
          "per_class_f1": {
            "1": 0.4825979902841552,
            "2": 0.4973541057617585,
            "3": 0.464255677039529,
            "4": 0.22138291690877396
          },
          "class_3_f1": 0.464255677039529,
          "class_4_f1": 0.22138291690877396
        },
        "test": {
          "macro_f1": 0.4006171244159886,
          "binary_f1": 0.4986620283649987,
          "fnr": 0.4604806022003474,
          "per_class_f1": {
            "1": 0.4975222066386162,
            "2": 0.46733271041472,
            "3": 0.38303564403178847,
            "4": 0.2545779365788298
          },
          "class_3_f1": 0.38303564403178847,
          "class_4_f1": 0.2545779365788298
        }
      },
      {
        "group": "C",
        "model_type": "XGBoost",
        "config": "XGB(n=300,d=8,lr=0.1)",
        "n_estimators": 300,
        "max_depth": 8,
        "learning_rate": 0.1,
        "val": {
          "macro_f1": 0.41626727630166854,
          "binary_f1": 0.6052444444444445,
          "fnr": 0.34516253125601076,
          "per_class_f1": {
            "1": 0.4799411607381653,
            "2": 0.49571322985957134,
            "3": 0.46348772409442196,
            "4": 0.22592699051451567
          },
          "class_3_f1": 0.46348772409442196,
          "class_4_f1": 0.22592699051451567
        },
        "test": {
          "macro_f1": 0.3987223191567034,
          "binary_f1": 0.4967694664623993,
          "fnr": 0.4601910828025478,
          "per_class_f1": {
            "1": 0.4972565795591928,
            "2": 0.46446011937059145,
            "3": 0.3775927089880578,
            "4": 0.25557986870897154
          },
          "class_3_f1": 0.3775927089880578,
          "class_4_f1": 0.25557986870897154
        }
      },
      {
        "group": "C",
        "model_type": "XGBoost",
        "config": "XGB(n=300,d=10,lr=0.05)",
        "n_estimators": 300,
        "max_depth": 10,
        "learning_rate": 0.05,
        "val": {
          "macro_f1": 0.42502192508344244,
          "binary_f1": 0.599346464554779,
          "fnr": 0.36497403346797463,
          "per_class_f1": {
            "1": 0.4791463244525038,
            "2": 0.5178368391131325,
            "3": 0.4843086483687209,
            "4": 0.21879588839941264
          },
          "class_3_f1": 0.4843086483687209,
          "class_4_f1": 0.21879588839941264
        },
        "test": {
          "macro_f1": 0.4045207777960884,
          "binary_f1": 0.49411440765471193,
          "fnr": 0.48045744064852347,
          "per_class_f1": {
            "1": 0.4931172508054281,
            "2": 0.5007718431614696,
            "3": 0.39163587768257213,
            "4": 0.23255813953488372
          },
          "class_3_f1": 0.39163587768257213,
          "class_4_f1": 0.23255813953488372
        }
      },
      {
        "group": "C",
        "model_type": "XGBoost",
        "config": "XGB(n=300,d=10,lr=0.1)",
        "n_estimators": 300,
        "max_depth": 10,
        "learning_rate": 0.1,
        "val": {
          "macro_f1": 0.424714347881333,
          "binary_f1": 0.5979054268486195,
          "fnr": 0.3658395845354876,
          "per_class_f1": {
            "1": 0.47495983795487884,
            "2": 0.5155994598820268,
            "3": 0.4865702479338843,
            "4": 0.22172784575454207
          },
          "class_3_f1": 0.4865702479338843,
          "class_4_f1": 0.22172784575454207
        },
        "test": {
          "macro_f1": 0.4055185724281216,
          "binary_f1": 0.49620979307518953,
          "fnr": 0.4740880138969311,
          "per_class_f1": {
            "1": 0.49435333398801923,
            "2": 0.5010461327388098,
            "3": 0.3958624980556852,
            "4": 0.230812324929972
          },
          "class_3_f1": 0.3958624980556852,
          "class_4_f1": 0.230812324929972
        }
      },
      {
        "group": "C",
        "model_type": "XGBoost",
        "config": "XGB(n=500,d=6,lr=0.05)",
        "n_estimators": 500,
        "max_depth": 6,
        "learning_rate": 0.05,
        "val": {
          "macro_f1": 0.4099811609972148,
          "binary_f1": 0.6088791208791209,
          "fnr": 0.333910367378342,
          "per_class_f1": {
            "1": 0.4866289534584726,
            "2": 0.4772224341854254,
            "3": 0.4428509812378693,
            "4": 0.23322227510709187
          },
          "class_3_f1": 0.4428509812378693,
          "class_4_f1": 0.23322227510709187
        },
        "test": {
          "macro_f1": 0.387846520715882,
          "binary_f1": 0.49799249654446126,
          "fnr": 0.45237405906195716,
          "per_class_f1": {
            "1": 0.49907976837096557,
            "2": 0.4397242826103244,
            "3": 0.35073409461663946,
            "4": 0.26184793726559835
          },
          "class_3_f1": 0.35073409461663946,
          "class_4_f1": 0.26184793726559835
        }
      },
      {
        "group": "C",
        "model_type": "XGBoost",
        "config": "XGB(n=500,d=6,lr=0.1)",
        "n_estimators": 500,
        "max_depth": 6,
        "learning_rate": 0.1,
        "val": {
          "macro_f1": 0.40823893789987453,
          "binary_f1": 0.6081282298327056,
          "fnr": 0.3322754375841508,
          "per_class_f1": {
            "1": 0.4843129722115508,
            "2": 0.4725291589932474,
            "3": 0.4410135026090699,
            "4": 0.23510011778563014
          },
          "class_3_f1": 0.4410135026090699,
          "class_4_f1": 0.23510011778563014
        },
        "test": {
          "macro_f1": 0.3883340664967767,
          "binary_f1": 0.5005580723524391,
          "fnr": 0.4481760277938622,
          "per_class_f1": {
            "1": 0.5013672838122563,
            "2": 0.43949523022609477,
            "3": 0.35133598635588403,
            "4": 0.26113776559287183
          },
          "class_3_f1": 0.35133598635588403,
          "class_4_f1": 0.26113776559287183
        }
      },
      {
        "group": "C",
        "model_type": "XGBoost",
        "config": "XGB(n=500,d=8,lr=0.05)",
        "n_estimators": 500,
        "max_depth": 8,
        "learning_rate": 0.05,
        "val": {
          "macro_f1": 0.41639767249855414,
          "binary_f1": 0.6065165138431408,
          "fnr": 0.3447778418926717,
          "per_class_f1": {
            "1": 0.4825979902841552,
            "2": 0.4973541057617585,
            "3": 0.464255677039529,
            "4": 0.22138291690877396
          },
          "class_3_f1": 0.464255677039529,
          "class_4_f1": 0.22138291690877396
        },
        "test": {
          "macro_f1": 0.4006171244159886,
          "binary_f1": 0.4986620283649987,
          "fnr": 0.4604806022003474,
          "per_class_f1": {
            "1": 0.4975222066386162,
            "2": 0.46733271041472,
            "3": 0.38303564403178847,
            "4": 0.2545779365788298
          },
          "class_3_f1": 0.38303564403178847,
          "class_4_f1": 0.2545779365788298
        }
      },
      {
        "group": "C",
        "model_type": "XGBoost",
        "config": "XGB(n=500,d=8,lr=0.1)",
        "n_estimators": 500,
        "max_depth": 8,
        "learning_rate": 0.1,
        "val": {
          "macro_f1": 0.41626727630166854,
          "binary_f1": 0.6052444444444445,
          "fnr": 0.34516253125601076,
          "per_class_f1": {
            "1": 0.4799411607381653,
            "2": 0.49571322985957134,
            "3": 0.46348772409442196,
            "4": 0.22592699051451567
          },
          "class_3_f1": 0.46348772409442196,
          "class_4_f1": 0.22592699051451567
        },
        "test": {
          "macro_f1": 0.3987223191567034,
          "binary_f1": 0.4967694664623993,
          "fnr": 0.4601910828025478,
          "per_class_f1": {
            "1": 0.4972565795591928,
            "2": 0.46446011937059145,
            "3": 0.3775927089880578,
            "4": 0.25557986870897154
          },
          "class_3_f1": 0.3775927089880578,
          "class_4_f1": 0.25557986870897154
        }
      },
      {
        "group": "C",
        "model_type": "XGBoost",
        "config": "XGB(n=500,d=10,lr=0.05)",
        "n_estimators": 500,
        "max_depth": 10,
        "learning_rate": 0.05,
        "val": {
          "macro_f1": 0.42502192508344244,
          "binary_f1": 0.599346464554779,
          "fnr": 0.36497403346797463,
          "per_class_f1": {
            "1": 0.4791463244525038,
            "2": 0.5178368391131325,
            "3": 0.4843086483687209,
            "4": 0.21879588839941264
          },
          "class_3_f1": 0.4843086483687209,
          "class_4_f1": 0.21879588839941264
        },
        "test": {
          "macro_f1": 0.4045207777960884,
          "binary_f1": 0.49411440765471193,
          "fnr": 0.48045744064852347,
          "per_class_f1": {
            "1": 0.4931172508054281,
            "2": 0.5007718431614696,
            "3": 0.39163587768257213,
            "4": 0.23255813953488372
          },
          "class_3_f1": 0.39163587768257213,
          "class_4_f1": 0.23255813953488372
        }
      },
      {
        "group": "C",
        "model_type": "XGBoost",
        "config": "XGB(n=500,d=10,lr=0.1)",
        "n_estimators": 500,
        "max_depth": 10,
        "learning_rate": 0.1,
        "val": {
          "macro_f1": 0.424714347881333,
          "binary_f1": 0.5979054268486195,
          "fnr": 0.3658395845354876,
          "per_class_f1": {
            "1": 0.47495983795487884,
            "2": 0.5155994598820268,
            "3": 0.4865702479338843,
            "4": 0.22172784575454207
          },
          "class_3_f1": 0.4865702479338843,
          "class_4_f1": 0.22172784575454207
        },
        "test": {
          "macro_f1": 0.4055185724281216,
          "binary_f1": 0.49620979307518953,
          "fnr": 0.4740880138969311,
          "per_class_f1": {
            "1": 0.49435333398801923,
            "2": 0.5010461327388098,
            "3": 0.3958624980556852,
            "4": 0.230812324929972
          },
          "class_3_f1": 0.3958624980556852,
          "class_4_f1": 0.230812324929972
        }
      },
      {
        "group": "D",
        "model_type": "RF",
        "config": "RF(cw=none)",
        "class_weight": "none",
        "val": {
          "macro_f1": 0.40882188931003904,
          "binary_f1": 0.5281164695177434,
          "fnr": 0.5813618003462204,
          "per_class_f1": {
            "1": 0.42225643281284364,
            "2": 0.6820761743328967,
            "3": 0.4597428288822948,
            "4": 0.07121212121212121
          },
          "class_3_f1": 0.4597428288822948,
          "class_4_f1": 0.07121212121212121
        },
        "test": {
          "macro_f1": 0.3664868092941019,
          "binary_f1": 0.4457350272232305,
          "fnr": 0.6444701795020267,
          "per_class_f1": {
            "1": 0.4070508282599462,
            "2": 0.6510841150238351,
            "3": 0.37930352196280176,
            "4": 0.02850877192982456
          },
          "class_3_f1": 0.37930352196280176,
          "class_4_f1": 0.02850877192982456
        }
      },
      {
        "group": "D",
        "model_type": "RF",
        "config": "RF(cw=balanced)",
        "class_weight": "balanced",
        "val": {
          "macro_f1": 0.45678456856764793,
          "binary_f1": 0.6156507105459985,
          "fnr": 0.36670513560300055,
          "per_class_f1": {
            "1": 0.4945185185185185,
            "2": 0.5676478530920875,
            "3": 0.4965435299200691,
            "4": 0.26842837273991654
          },
          "class_3_f1": 0.4965435299200691,
          "class_4_f1": 0.26842837273991654
        },
        "test": {
          "macro_f1": 0.42516396002563184,
          "binary_f1": 0.5100590128755365,
          "fnr": 0.4494788650839606,
          "per_class_f1": {
            "1": 0.5058643044489534,
            "2": 0.5023928386985712,
            "3": 0.3992260061919505,
            "4": 0.2931726907630522
          },
          "class_3_f1": 0.3992260061919505,
          "class_4_f1": 0.2931726907630522
        }
      },
      {
        "group": "D",
        "model_type": "RF",
        "config": "RF(cw=1:3)",
        "class_weight": "1:3",
        "val": {
          "macro_f1": 0.4243558140606197,
          "binary_f1": 0.6210955183340878,
          "fnr": 0.3402577418734372,
          "per_class_f1": {
            "1": 0.42515500442869797,
            "2": 0.6332874169012398,
            "3": 0.5592216174558066,
            "4": 0.0797592174567344
          },
          "class_3_f1": 0.5592216174558066,
          "class_4_f1": 0.0797592174567344
        },
        "test": {
          "macro_f1": 0.3681893697060449,
          "binary_f1": 0.5109289617486339,
          "fnr": 0.4315286624203822,
          "per_class_f1": {
            "1": 0.4096794735724899,
            "2": 0.5938428690960501,
            "3": 0.4452438602559668,
            "4": 0.023991275899672846
          },
          "class_3_f1": 0.4452438602559668,
          "class_4_f1": 0.023991275899672846
        }
      },
      {
        "group": "D",
        "model_type": "RF",
        "config": "RF(cw=1:5)",
        "class_weight": "1:5",
        "val": {
          "macro_f1": 0.4042073291142218,
          "binary_f1": 0.6121249141024662,
          "fnr": 0.22898634352760147,
          "per_class_f1": {
            "1": 0.4242965609647164,
            "2": 0.5526118640604781,
            "3": 0.5532890766445383,
            "4": 0.08663181478715459
          },
          "class_3_f1": 0.5532890766445383,
          "class_4_f1": 0.08663181478715459
        },
        "test": {
          "macro_f1": 0.3561779078167761,
          "binary_f1": 0.5076362845806838,
          "fnr": 0.32397220613781125,
          "per_class_f1": {
            "1": 0.4125230202578269,
            "2": 0.5382500710967865,
            "3": 0.44567767034727385,
            "4": 0.02826086956521739
          },
          "class_3_f1": 0.44567767034727385,
          "class_4_f1": 0.02826086956521739
        }
      },
      {
        "group": "D",
        "model_type": "RF",
        "config": "RF(cw=1:10)",
        "class_weight": "1:10",
        "val": {
          "macro_f1": 0.35513538323659866,
          "binary_f1": 0.5823058344985382,
          "fnr": 0.11886901327178304,
          "per_class_f1": {
            "1": 0.41252134319863404,
            "2": 0.4076165354655236,
            "3": 0.5284396362912325,
            "4": 0.07196401799100449
          },
          "class_3_f1": 0.5284396362912325,
          "class_4_f1": 0.07196401799100449
        },
        "test": {
          "macro_f1": 0.32372830960477644,
          "binary_f1": 0.48290432458069243,
          "fnr": 0.18934568616097278,
          "per_class_f1": {
            "1": 0.407351568669682,
            "2": 0.42659566600103543,
            "3": 0.4290850260650728,
            "4": 0.031880977683315624
          },
          "class_3_f1": 0.4290850260650728,
          "class_4_f1": 0.031880977683315624
        }
      },
      {
        "group": "E",
        "model_type": "RF-Ensemble",
        "config": "Ensemble(top=1)",
        "top_k": 1,
        "val": {
          "macro_f1": 0.4448605700237131,
          "binary_f1": 0.6167979002624672,
          "fnr": 0.3445854972110021,
          "per_class_f1": {
            "1": 0.5064889014963477,
            "2": 0.5429247448529152,
            "3": 0.47167169323567426,
            "4": 0.25835694050991503
          },
          "class_3_f1": 0.47167169323567426,
          "class_4_f1": 0.25835694050991503
        },
        "test": {
          "macro_f1": 0.4093827679024263,
          "binary_f1": 0.5104112441436752,
          "fnr": 0.4322524609148813,
          "per_class_f1": {
            "1": 0.5094463765391484,
            "2": 0.4612253797514354,
            "3": 0.3760510744316412,
            "4": 0.2908082408874802
          },
          "class_3_f1": 0.3760510744316412,
          "class_4_f1": 0.2908082408874802
        }
      },
      {
        "group": "E",
        "model_type": "RF-Ensemble",
        "config": "Ensemble(top=3)",
        "top_k": 3,
        "val": {
          "macro_f1": 0.44632381126650406,
          "binary_f1": 0.6189936022505559,
          "fnr": 0.3440084631659935,
          "per_class_f1": {
            "1": 0.5040101308569016,
            "2": 0.5419099175600609,
            "3": 0.47760711398544864,
            "4": 0.2617680826636051
          },
          "class_3_f1": 0.47760711398544864,
          "class_4_f1": 0.2617680826636051
        },
        "test": {
          "macro_f1": 0.4100521511591712,
          "binary_f1": 0.5077403408351763,
          "fnr": 0.435002895193978,
          "per_class_f1": {
            "1": 0.5097873538938178,
            "2": 0.4597809873758504,
            "3": 0.37565028340709683,
            "4": 0.2949899799599198
          },
          "class_3_f1": 0.37565028340709683,
          "class_4_f1": 0.2949899799599198
        }
      },
      {
        "group": "E",
        "model_type": "RF-Ensemble",
        "config": "Ensemble(top=5)",
        "top_k": 5,
        "val": {
          "macro_f1": 0.44632381126650406,
          "binary_f1": 0.6189936022505559,
          "fnr": 0.3440084631659935,
          "per_class_f1": {
            "1": 0.5040101308569016,
            "2": 0.5419099175600609,
            "3": 0.47760711398544864,
            "4": 0.2617680826636051
          },
          "class_3_f1": 0.47760711398544864,
          "class_4_f1": 0.2617680826636051
        },
        "test": {
          "macro_f1": 0.4100521511591712,
          "binary_f1": 0.5077403408351763,
          "fnr": 0.435002895193978,
          "per_class_f1": {
            "1": 0.5097873538938178,
            "2": 0.4597809873758504,
            "3": 0.37565028340709683,
            "4": 0.2949899799599198
          },
          "class_3_f1": 0.37565028340709683,
          "class_4_f1": 0.2949899799599198
        }
      },
      {
        "group": "E",
        "model_type": "RF-Ensemble",
        "config": "Ensemble(top=7)",
        "top_k": 7,
        "val": {
          "macro_f1": 0.44632381126650406,
          "binary_f1": 0.6189936022505559,
          "fnr": 0.3440084631659935,
          "per_class_f1": {
            "1": 0.5040101308569016,
            "2": 0.5419099175600609,
            "3": 0.47760711398544864,
            "4": 0.2617680826636051
          },
          "class_3_f1": 0.47760711398544864,
          "class_4_f1": 0.2617680826636051
        },
        "test": {
          "macro_f1": 0.4100521511591712,
          "binary_f1": 0.5077403408351763,
          "fnr": 0.435002895193978,
          "per_class_f1": {
            "1": 0.5097873538938178,
            "2": 0.4597809873758504,
            "3": 0.37565028340709683,
            "4": 0.2949899799599198
          },
          "class_3_f1": 0.37565028340709683,
          "class_4_f1": 0.2949899799599198
        }
      },
      {
        "group": "F",
        "model_type": "Threshold",
        "config": "Thresh(0.20)",
        "threshold": 0.2,
        "val": {
          "macro_f1": 0.45678456856764793,
          "binary_f1": 0.6156507105459985,
          "fnr": 0.36670513560300055,
          "per_class_f1": {
            "1": 0.4945185185185185,
            "2": 0.5676478530920875,
            "3": 0.4965435299200691,
            "4": 0.26842837273991654
          },
          "class_3_f1": 0.4965435299200691,
          "class_4_f1": 0.26842837273991654
        },
        "test": {
          "macro_f1": 0.42516396002563184,
          "binary_f1": 0.5100590128755365,
          "fnr": 0.4494788650839606,
          "per_class_f1": {
            "1": 0.5058643044489534,
            "2": 0.5023928386985712,
            "3": 0.3992260061919505,
            "4": 0.2931726907630522
          },
          "class_3_f1": 0.3992260061919505,
          "class_4_f1": 0.2931726907630522
        }
      },
      {
        "group": "F",
        "model_type": "Threshold",
        "config": "Thresh(0.25)",
        "threshold": 0.25,
        "val": {
          "macro_f1": 0.45678456856764793,
          "binary_f1": 0.6156507105459985,
          "fnr": 0.36670513560300055,
          "per_class_f1": {
            "1": 0.4945185185185185,
            "2": 0.5676478530920875,
            "3": 0.4965435299200691,
            "4": 0.26842837273991654
          },
          "class_3_f1": 0.4965435299200691,
          "class_4_f1": 0.26842837273991654
        },
        "test": {
          "macro_f1": 0.42516396002563184,
          "binary_f1": 0.5100590128755365,
          "fnr": 0.4494788650839606,
          "per_class_f1": {
            "1": 0.5058643044489534,
            "2": 0.5023928386985712,
            "3": 0.3992260061919505,
            "4": 0.2931726907630522
          },
          "class_3_f1": 0.3992260061919505,
          "class_4_f1": 0.2931726907630522
        }
      },
      {
        "group": "F",
        "model_type": "Threshold",
        "config": "Thresh(0.30)",
        "threshold": 0.3,
        "val": {
          "macro_f1": 0.45678456856764793,
          "binary_f1": 0.6156507105459985,
          "fnr": 0.36670513560300055,
          "per_class_f1": {
            "1": 0.4945185185185185,
            "2": 0.5676478530920875,
            "3": 0.4965435299200691,
            "4": 0.26842837273991654
          },
          "class_3_f1": 0.4965435299200691,
          "class_4_f1": 0.26842837273991654
        },
        "test": {
          "macro_f1": 0.42516396002563184,
          "binary_f1": 0.5100590128755365,
          "fnr": 0.4494788650839606,
          "per_class_f1": {
            "1": 0.5058643044489534,
            "2": 0.5023928386985712,
            "3": 0.3992260061919505,
            "4": 0.2931726907630522
          },
          "class_3_f1": 0.3992260061919505,
          "class_4_f1": 0.2931726907630522
        }
      },
      {
        "group": "F",
        "model_type": "Threshold",
        "config": "Thresh(0.35)",
        "threshold": 0.35,
        "val": {
          "macro_f1": 0.45678456856764793,
          "binary_f1": 0.6156507105459985,
          "fnr": 0.36670513560300055,
          "per_class_f1": {
            "1": 0.4945185185185185,
            "2": 0.5676478530920875,
            "3": 0.4965435299200691,
            "4": 0.26842837273991654
          },
          "class_3_f1": 0.4965435299200691,
          "class_4_f1": 0.26842837273991654
        },
        "test": {
          "macro_f1": 0.42516396002563184,
          "binary_f1": 0.5100590128755365,
          "fnr": 0.4494788650839606,
          "per_class_f1": {
            "1": 0.5058643044489534,
            "2": 0.5023928386985712,
            "3": 0.3992260061919505,
            "4": 0.2931726907630522
          },
          "class_3_f1": 0.3992260061919505,
          "class_4_f1": 0.2931726907630522
        }
      },
      {
        "group": "F",
        "model_type": "Threshold",
        "config": "Thresh(0.40)",
        "threshold": 0.39999999999999997,
        "val": {
          "macro_f1": 0.4569554601727313,
          "binary_f1": 0.615859649122807,
          "fnr": 0.36699365262550493,
          "per_class_f1": {
            "1": 0.4945185185185185,
            "2": 0.5681994534597349,
            "3": 0.4966754959727553,
            "4": 0.26842837273991654
          },
          "class_3_f1": 0.4966754959727553,
          "class_4_f1": 0.26842837273991654
        },
        "test": {
          "macro_f1": 0.42536065684125346,
          "binary_f1": 0.5102808762263137,
          "fnr": 0.4503474232773596,
          "per_class_f1": {
            "1": 0.5058643044489534,
            "2": 0.5031814273430782,
            "3": 0.3992242048099302,
            "4": 0.2931726907630522
          },
          "class_3_f1": 0.3992242048099302,
          "class_4_f1": 0.2931726907630522
        }
      },
      {
        "group": "F",
        "model_type": "Threshold",
        "config": "Thresh(0.45)",
        "threshold": 0.44999999999999996,
        "val": {
          "macro_f1": 0.45763597867119243,
          "binary_f1": 0.6162029845125453,
          "fnr": 0.37055202923639163,
          "per_class_f1": {
            "1": 0.4945185185185185,
            "2": 0.5710543109528767,
            "3": 0.4965427124734578,
            "4": 0.26842837273991654
          },
          "class_3_f1": 0.4965427124734578,
          "class_4_f1": 0.26842837273991654
        },
        "test": {
          "macro_f1": 0.4263421867518056,
          "binary_f1": 0.5111457415814079,
          "fnr": 0.45396641574985525,
          "per_class_f1": {
            "1": 0.5058643044489534,
            "2": 0.5070210288375916,
            "3": 0.39931072295762515,
            "4": 0.2931726907630522
          },
          "class_3_f1": 0.39931072295762515,
          "class_4_f1": 0.2931726907630522
        }
      },
      {
        "group": "F",
        "model_type": "Threshold",
        "config": "Thresh(0.50)",
        "threshold": 0.49999999999999994,
        "val": {
          "macro_f1": 0.4603568517062995,
          "binary_f1": 0.6152866242038216,
          "fnr": 0.396133871898442,
          "per_class_f1": {
            "1": 0.4945185185185185,
            "2": 0.5875318564987257,
            "3": 0.4907618613138686,
            "4": 0.2686151704940849
          },
          "class_3_f1": 0.4907618613138686,
          "class_4_f1": 0.2686151704940849
        },
        "test": {
          "macro_f1": 0.42915459472878786,
          "binary_f1": 0.512073213657163,
          "fnr": 0.4735089751013318,
          "per_class_f1": {
            "1": 0.5058643044489534,
            "2": 0.5202339338531864,
            "3": 0.39705280392959474,
            "4": 0.29346733668341707
          },
          "class_3_f1": 0.39705280392959474,
          "class_4_f1": 0.29346733668341707
        }
      }
    ],
    "NTL": [
      {
        "group": "A",
        "model_type": "RF",
        "config": "RF(n=200,d=6)",
        "n_estimators": 200,
        "max_depth": 6,
        "val": {
          "macro_f1": 0.41609422989307887,
          "binary_f1": 0.5641546920482373,
          "fnr": 0.33554636482368305,
          "per_class_f1": {
            "1": 0.5439991574069198,
            "2": 0.4974246326314195,
            "3": 0.36558878844870474,
            "4": 0.25736434108527134
          },
          "class_3_f1": 0.36558878844870474,
          "class_4_f1": 0.25736434108527134
        },
        "test": {
          "macro_f1": 0.35668083778604914,
          "binary_f1": 0.48110599078341015,
          "fnr": 0.4,
          "per_class_f1": {
            "1": 0.5299157503926889,
            "2": 0.34067510548523205,
            "3": 0.3112235992319777,
            "4": 0.24490889603429797
          },
          "class_3_f1": 0.3112235992319777,
          "class_4_f1": 0.24490889603429797
        }
      },
      {
        "group": "A",
        "model_type": "RF",
        "config": "RF(n=200,d=8)",
        "n_estimators": 200,
        "max_depth": 8,
        "val": {
          "macro_f1": 0.4173563144124478,
          "binary_f1": 0.567476948868399,
          "fnr": 0.33685241619503703,
          "per_class_f1": {
            "1": 0.5359641451683428,
            "2": 0.5022372185139001,
            "3": 0.3806912991656734,
            "4": 0.25053259480187473
          },
          "class_3_f1": 0.3806912991656734,
          "class_4_f1": 0.25053259480187473
        },
        "test": {
          "macro_f1": 0.36997368522905694,
          "binary_f1": 0.4842977415475077,
          "fnr": 0.40492610837438425,
          "per_class_f1": {
            "1": 0.525771684141066,
            "2": 0.36896747505880445,
            "3": 0.3239955452754219,
            "4": 0.26116003644093533
          },
          "class_3_f1": 0.3239955452754219,
          "class_4_f1": 0.26116003644093533
        }
      },
      {
        "group": "A",
        "model_type": "RF",
        "config": "RF(n=200,d=10)",
        "n_estimators": 200,
        "max_depth": 10,
        "val": {
          "macro_f1": 0.4222500105557235,
          "binary_f1": 0.5687230451903243,
          "fnr": 0.3397910317805834,
          "per_class_f1": {
            "1": 0.517969195664575,
            "2": 0.5106836090012068,
            "3": 0.4015063731170336,
            "4": 0.2588408644400786
          },
          "class_3_f1": 0.4015063731170336,
          "class_4_f1": 0.2588408644400786
        },
        "test": {
          "macro_f1": 0.3851059833233646,
          "binary_f1": 0.48104169477803266,
          "fnr": 0.41461412151067323,
          "per_class_f1": {
            "1": 0.5217325112278298,
            "2": 0.40680461908083393,
            "3": 0.3349417637271215,
            "4": 0.2769450392576731
          },
          "class_3_f1": 0.3349417637271215,
          "class_4_f1": 0.2769450392576731
        }
      },
      {
        "group": "A",
        "model_type": "RF",
        "config": "RF(n=200,d=20)",
        "n_estimators": 200,
        "max_depth": 20,
        "val": {
          "macro_f1": 0.4358481801539067,
          "binary_f1": 0.565437312773167,
          "fnr": 0.3734218545929473,
          "per_class_f1": {
            "1": 0.48559774082208973,
            "2": 0.5500683193441342,
            "3": 0.4389018891615775,
            "4": 0.26882477128782545
          },
          "class_3_f1": 0.4389018891615775,
          "class_4_f1": 0.26882477128782545
        },
        "test": {
          "macro_f1": 0.408353743761687,
          "binary_f1": 0.47591077547024685,
          "fnr": 0.4412151067323481,
          "per_class_f1": {
            "1": 0.5120532003325021,
            "2": 0.4819032269366876,
            "3": 0.3627017910208015,
            "4": 0.27675675675675676
          },
          "class_3_f1": 0.3627017910208015,
          "class_4_f1": 0.27675675675675676
        }
      },
      {
        "group": "A",
        "model_type": "RF",
        "config": "RF(n=200,d=None)",
        "n_estimators": 200,
        "max_depth": null,
        "val": {
          "macro_f1": 0.43474149468307777,
          "binary_f1": 0.5684169240574595,
          "fnr": 0.3690683500217675,
          "per_class_f1": {
            "1": 0.48250646157725524,
            "2": 0.5490642058747076,
            "3": 0.4447473026689381,
            "4": 0.26264800861141013
          },
          "class_3_f1": 0.4447473026689381,
          "class_4_f1": 0.26264800861141013
        },
        "test": {
          "macro_f1": 0.40724581371050594,
          "binary_f1": 0.47848898216159497,
          "fnr": 0.43842364532019706,
          "per_class_f1": {
            "1": 0.5062080536912752,
            "2": 0.4833315952306462,
            "3": 0.36593009240658897,
            "4": 0.2735135135135135
          },
          "class_3_f1": 0.36593009240658897,
          "class_4_f1": 0.2735135135135135
        }
      },
      {
        "group": "A",
        "model_type": "RF",
        "config": "RF(n=300,d=6)",
        "n_estimators": 300,
        "max_depth": 6,
        "val": {
          "macro_f1": 0.4159439930586337,
          "binary_f1": 0.5647450418381027,
          "fnr": 0.3352198519808446,
          "per_class_f1": {
            "1": 0.5434108934292767,
            "2": 0.4949556246681332,
            "3": 0.36744580356061524,
            "4": 0.25796365057650966
          },
          "class_3_f1": 0.36744580356061524,
          "class_4_f1": 0.25796365057650966
        },
        "test": {
          "macro_f1": 0.3559847063901574,
          "binary_f1": 0.480990973183106,
          "fnr": 0.4006568144499179,
          "per_class_f1": {
            "1": 0.5300998573466477,
            "2": 0.3392864682288368,
            "3": 0.3113897596656217,
            "4": 0.24316274031952342
          },
          "class_3_f1": 0.3113897596656217,
          "class_4_f1": 0.24316274031952342
        }
      },
      {
        "group": "A",
        "model_type": "RF",
        "config": "RF(n=300,d=8)",
        "n_estimators": 300,
        "max_depth": 8,
        "val": {
          "macro_f1": 0.41705293402086685,
          "binary_f1": 0.5672933730454207,
          "fnr": 0.336634740966478,
          "per_class_f1": {
            "1": 0.5334208511103818,
            "2": 0.5017237585271034,
            "3": 0.3806524451839087,
            "4": 0.2524146812620734
          },
          "class_3_f1": 0.3806524451839087,
          "class_4_f1": 0.2524146812620734
        },
        "test": {
          "macro_f1": 0.3704027498793651,
          "binary_f1": 0.4836016298176474,
          "fnr": 0.40558292282430214,
          "per_class_f1": {
            "1": 0.5252822417533924,
            "2": 0.37278680572398737,
            "3": 0.32261925115404344,
            "4": 0.26092270088603725
          },
          "class_3_f1": 0.32261925115404344,
          "class_4_f1": 0.26092270088603725
        }
      },
      {
        "group": "A",
        "model_type": "RF",
        "config": "RF(n=300,d=10)",
        "n_estimators": 300,
        "max_depth": 10,
        "val": {
          "macro_f1": 0.42174924564139527,
          "binary_f1": 0.5686145764937623,
          "fnr": 0.34022638223770135,
          "per_class_f1": {
            "1": 0.516614420062696,
            "2": 0.5109162554581277,
            "3": 0.4003709284803524,
            "4": 0.2590953785644051
          },
          "class_3_f1": 0.4003709284803524,
          "class_4_f1": 0.2590953785644051
        },
        "test": {
          "macro_f1": 0.3850610407297793,
          "binary_f1": 0.4815463362068966,
          "fnr": 0.4129720853858785,
          "per_class_f1": {
            "1": 0.5224875280856087,
            "2": 0.40806357821283196,
            "3": 0.3363477972289057,
            "4": 0.273345259391771
          },
          "class_3_f1": 0.3363477972289057,
          "class_4_f1": 0.273345259391771
        }
      },
      {
        "group": "A",
        "model_type": "RF",
        "config": "RF(n=300,d=20)",
        "n_estimators": 300,
        "max_depth": 20,
        "val": {
          "macro_f1": 0.43548292165110447,
          "binary_f1": 0.5669840023554814,
          "fnr": 0.3712451023073574,
          "per_class_f1": {
            "1": 0.4834045763138044,
            "2": 0.5486178861788618,
            "3": 0.44362228925949115,
            "4": 0.26628693485226057
          },
          "class_3_f1": 0.44362228925949115,
          "class_4_f1": 0.26628693485226057
        },
        "test": {
          "macro_f1": 0.410480079243749,
          "binary_f1": 0.4765499405885231,
          "fnr": 0.44022988505747124,
          "per_class_f1": {
            "1": 0.5123451658491978,
            "2": 0.4809195080071486,
            "3": 0.3634026829464214,
            "4": 0.2852529601722282
          },
          "class_3_f1": 0.3634026829464214,
          "class_4_f1": 0.2852529601722282
        }
      },
      {
        "group": "A",
        "model_type": "RF",
        "config": "RF(n=300,d=None)",
        "n_estimators": 300,
        "max_depth": null,
        "val": {
          "macro_f1": 0.4361241284042475,
          "binary_f1": 0.5673535631731668,
          "fnr": 0.37222464083587287,
          "per_class_f1": {
            "1": 0.4812219907845736,
            "2": 0.5500324044069993,
            "3": 0.4445962096636503,
            "4": 0.26864590876176686
          },
          "class_3_f1": 0.4445962096636503,
          "class_4_f1": 0.26864590876176686
        },
        "test": {
          "macro_f1": 0.41047634023656787,
          "binary_f1": 0.47705009795689896,
          "fnr": 0.44022988505747124,
          "per_class_f1": {
            "1": 0.5083011906758343,
            "2": 0.4843869531956325,
            "3": 0.3667870036101083,
            "4": 0.2824302134646962
          },
          "class_3_f1": 0.3667870036101083,
          "class_4_f1": 0.2824302134646962
        }
      },
      {
        "group": "A",
        "model_type": "RF",
        "config": "RF(n=500,d=6)",
        "n_estimators": 500,
        "max_depth": 6,
        "val": {
          "macro_f1": 0.4161965902423299,
          "binary_f1": 0.5645928594522193,
          "fnr": 0.3347845015237266,
          "per_class_f1": {
            "1": 0.5431839647392172,
            "2": 0.49462528962661906,
            "3": 0.36763816664651106,
            "4": 0.25933893995697244
          },
          "class_3_f1": 0.36763816664651106,
          "class_4_f1": 0.25933893995697244
        },
        "test": {
          "macro_f1": 0.3564563360840389,
          "binary_f1": 0.48142781875658586,
          "fnr": 0.39983579638752054,
          "per_class_f1": {
            "1": 0.529634390174236,
            "2": 0.3396035428089414,
            "3": 0.3128967736324898,
            "4": 0.24369063772048846
          },
          "class_3_f1": 0.3128967736324898,
          "class_4_f1": 0.24369063772048846
        }
      },
      {
        "group": "A",
        "model_type": "RF",
        "config": "RF(n=500,d=8)",
        "n_estimators": 500,
        "max_depth": 8,
        "val": {
          "macro_f1": 0.41727051669699905,
          "binary_f1": 0.5671989199757925,
          "fnr": 0.3369612538093165,
          "per_class_f1": {
            "1": 0.5337871219190866,
            "2": 0.5029629087716732,
            "3": 0.379921493993101,
            "4": 0.25241054210413544
          },
          "class_3_f1": 0.379921493993101,
          "class_4_f1": 0.25241054210413544
        },
        "test": {
          "macro_f1": 0.3714297690354303,
          "binary_f1": 0.48373522142809433,
          "fnr": 0.40541871921182265,
          "per_class_f1": {
            "1": 0.5263622974963181,
            "2": 0.3743894069678253,
            "3": 0.32383065892796176,
            "4": 0.261136712749616
          },
          "class_3_f1": 0.32383065892796176,
          "class_4_f1": 0.261136712749616
        }
      },
      {
        "group": "A",
        "model_type": "RF",
        "config": "RF(n=500,d=10)",
        "n_estimators": 500,
        "max_depth": 10,
        "val": {
          "macro_f1": 0.421138298710426,
          "binary_f1": 0.567396502414553,
          "fnr": 0.3414235959947758,
          "per_class_f1": {
            "1": 0.5161695089260252,
            "2": 0.5099737346489671,
            "3": 0.3985616517805359,
            "4": 0.25984829948617566
          },
          "class_3_f1": 0.3985616517805359,
          "class_4_f1": 0.25984829948617566
        },
        "test": {
          "macro_f1": 0.38481229367499314,
          "binary_f1": 0.4812293590348453,
          "fnr": 0.41379310344827586,
          "per_class_f1": {
            "1": 0.5230652215250048,
            "2": 0.40799379123011253,
            "3": 0.3351063829787234,
            "4": 0.2730837789661319
          },
          "class_3_f1": 0.3351063829787234,
          "class_4_f1": 0.2730837789661319
        }
      },
      {
        "group": "A",
        "model_type": "RF",
        "config": "RF(n=500,d=20)",
        "n_estimators": 500,
        "max_depth": 20,
        "val": {
          "macro_f1": 0.43676803771002815,
          "binary_f1": 0.5673091069589524,
          "fnr": 0.37048323900740093,
          "per_class_f1": {
            "1": 0.4836132603635906,
            "2": 0.5491088851307402,
            "3": 0.443103546422269,
            "4": 0.27124645892351273
          },
          "class_3_f1": 0.443103546422269,
          "class_4_f1": 0.27124645892351273
        },
        "test": {
          "macro_f1": 0.40940214737247743,
          "binary_f1": 0.47660941209328306,
          "fnr": 0.43957307060755335,
          "per_class_f1": {
            "1": 0.5120704699380895,
            "2": 0.48069301722021535,
            "3": 0.3648886753163543,
            "4": 0.27995642701525053
          },
          "class_3_f1": 0.3648886753163543,
          "class_4_f1": 0.27995642701525053
        }
      },
      {
        "group": "A",
        "model_type": "RF",
        "config": "RF(n=500,d=None)",
        "n_estimators": 500,
        "max_depth": null,
        "val": {
          "macro_f1": 0.4361503288994586,
          "binary_f1": 0.5683248132127409,
          "fnr": 0.37080975185023946,
          "per_class_f1": {
            "1": 0.48090880403912906,
            "2": 0.5502642072162609,
            "3": 0.4436210238285258,
            "4": 0.2698072805139186
          },
          "class_3_f1": 0.4436210238285258,
          "class_4_f1": 0.2698072805139186
        },
        "test": {
          "macro_f1": 0.4091350423412322,
          "binary_f1": 0.4767107935840863,
          "fnr": 0.4412151067323481,
          "per_class_f1": {
            "1": 0.508483096644464,
            "2": 0.484802114488419,
            "3": 0.36685915944818737,
            "4": 0.2763957987838585
          },
          "class_3_f1": 0.36685915944818737,
          "class_4_f1": 0.2763957987838585
        }
      },
      {
        "group": "A",
        "model_type": "RF",
        "config": "RF(n=600,d=6)",
        "n_estimators": 600,
        "max_depth": 6,
        "val": {
          "macro_f1": 0.4164177821747736,
          "binary_f1": 0.5649905342383525,
          "fnr": 0.33413147583804964,
          "per_class_f1": {
            "1": 0.5439387583892618,
            "2": 0.4944691526970008,
            "3": 0.3681634133075482,
            "4": 0.25909980430528373
          },
          "class_3_f1": 0.3681634133075482,
          "class_4_f1": 0.25909980430528373
        },
        "test": {
          "macro_f1": 0.356491677883791,
          "binary_f1": 0.481742219882887,
          "fnr": 0.3988505747126437,
          "per_class_f1": {
            "1": 0.5304667165828787,
            "2": 0.3388569496110923,
            "3": 0.3139403426384903,
            "4": 0.2427027027027027
          },
          "class_3_f1": 0.3139403426384903,
          "class_4_f1": 0.2427027027027027
        }
      },
      {
        "group": "A",
        "model_type": "RF",
        "config": "RF(n=600,d=8)",
        "n_estimators": 600,
        "max_depth": 8,
        "val": {
          "macro_f1": 0.41699705514168894,
          "binary_f1": 0.566536385631863,
          "fnr": 0.3373966042664345,
          "per_class_f1": {
            "1": 0.5344751866490997,
            "2": 0.5016100702576113,
            "3": 0.3796972395369546,
            "4": 0.25220572412309017
          },
          "class_3_f1": 0.3796972395369546,
          "class_4_f1": 0.25220572412309017
        },
        "test": {
          "macro_f1": 0.37144527669972405,
          "binary_f1": 0.4828554241026669,
          "fnr": 0.4068965517241379,
          "per_class_f1": {
            "1": 0.5272246307590565,
            "2": 0.37309388019253326,
            "3": 0.3229548750319884,
            "4": 0.2625077208153181
          },
          "class_3_f1": 0.3229548750319884,
          "class_4_f1": 0.2625077208153181
        }
      },
      {
        "group": "A",
        "model_type": "RF",
        "config": "RF(n=600,d=10)",
        "n_estimators": 600,
        "max_depth": 10,
        "val": {
          "macro_f1": 0.42039042107406255,
          "binary_f1": 0.566990473508846,
          "fnr": 0.34251197213757073,
          "per_class_f1": {
            "1": 0.5166211293260473,
            "2": 0.5097482154906069,
            "3": 0.3978881411000232,
            "4": 0.2573041983795728
          },
          "class_3_f1": 0.3978881411000232,
          "class_4_f1": 0.2573041983795728
        },
        "test": {
          "macro_f1": 0.3845772464928783,
          "binary_f1": 0.480425847314871,
          "fnr": 0.41461412151067323,
          "per_class_f1": {
            "1": 0.5227281372437141,
            "2": 0.4078845258419991,
            "3": 0.3345780433159074,
            "4": 0.2731182795698925
          },
          "class_3_f1": 0.3345780433159074,
          "class_4_f1": 0.2731182795698925
        }
      },
      {
        "group": "A",
        "model_type": "RF",
        "config": "RF(n=600,d=20)",
        "n_estimators": 600,
        "max_depth": 20,
        "val": {
          "macro_f1": 0.43642630980573976,
          "binary_f1": 0.5674774421341703,
          "fnr": 0.37026556377884196,
          "per_class_f1": {
            "1": 0.4823025569971029,
            "2": 0.5498277319118507,
            "3": 0.44345797051960617,
            "4": 0.27011697979439914
          },
          "class_3_f1": 0.44345797051960617,
          "class_4_f1": 0.27011697979439914
        },
        "test": {
          "macro_f1": 0.4078289298625098,
          "binary_f1": 0.4763303265505909,
          "fnr": 0.4407224958949097,
          "per_class_f1": {
            "1": 0.5122670098385155,
            "2": 0.48035914702581367,
            "3": 0.36403016204075084,
            "4": 0.27465940054495913
          },
          "class_3_f1": 0.36403016204075084,
          "class_4_f1": 0.27465940054495913
        }
      },
      {
        "group": "A",
        "model_type": "RF",
        "config": "RF(n=600,d=None)",
        "n_estimators": 600,
        "max_depth": null,
        "val": {
          "macro_f1": 0.43602303341079274,
          "binary_f1": 0.5686178061977374,
          "fnr": 0.37091858946451894,
          "per_class_f1": {
            "1": 0.4816053511705686,
            "2": 0.5508927703425257,
            "3": 0.4443557127374365,
            "4": 0.2672382993926402
          },
          "class_3_f1": 0.4443557127374365,
          "class_4_f1": 0.2672382993926402
        },
        "test": {
          "macro_f1": 0.4091907992901189,
          "binary_f1": 0.47664402269066464,
          "fnr": 0.4412151067323481,
          "per_class_f1": {
            "1": 0.5079591152815014,
            "2": 0.48443532398873085,
            "3": 0.3675138298725247,
            "4": 0.2768549280177187
          },
          "class_3_f1": 0.3675138298725247,
          "class_4_f1": 0.2768549280177187
        }
      },
      {
        "group": "B",
        "model_type": "ExtraTrees",
        "config": "ET(n=200,d=6)",
        "n_estimators": 200,
        "max_depth": 6,
        "val": {
          "macro_f1": 0.4024772852186444,
          "binary_f1": 0.5684111710865994,
          "fnr": 0.34098824553765783,
          "per_class_f1": {
            "1": 0.5260363487849704,
            "2": 0.4895383085338331,
            "3": 0.34739071827460044,
            "4": 0.2469437652811736
          },
          "class_3_f1": 0.34739071827460044,
          "class_4_f1": 0.2469437652811736
        },
        "test": {
          "macro_f1": 0.3390814169622116,
          "binary_f1": 0.4775888717156105,
          "fnr": 0.39113300492610836,
          "per_class_f1": {
            "1": 0.5374580166165812,
            "2": 0.3254363549742302,
            "3": 0.286008615845664,
            "4": 0.20742268041237114
          },
          "class_3_f1": 0.286008615845664,
          "class_4_f1": 0.20742268041237114
        }
      },
      {
        "group": "B",
        "model_type": "ExtraTrees",
        "config": "ET(n=200,d=8)",
        "n_estimators": 200,
        "max_depth": 8,
        "val": {
          "macro_f1": 0.40496640283853874,
          "binary_f1": 0.5650731342586102,
          "fnr": 0.3419677840661733,
          "per_class_f1": {
            "1": 0.5267703834746865,
            "2": 0.4938299644181997,
            "3": 0.3513344192457086,
            "4": 0.24793084421556005
          },
          "class_3_f1": 0.3513344192457086,
          "class_4_f1": 0.24793084421556005
        },
        "test": {
          "macro_f1": 0.346864687848743,
          "binary_f1": 0.47891857096878016,
          "fnr": 0.3891625615763547,
          "per_class_f1": {
            "1": 0.5329941964605575,
            "2": 0.33530891570374793,
            "3": 0.29454447729105077,
            "4": 0.22461116193961575
          },
          "class_3_f1": 0.29454447729105077,
          "class_4_f1": 0.22461116193961575
        }
      },
      {
        "group": "B",
        "model_type": "ExtraTrees",
        "config": "ET(n=200,d=10)",
        "n_estimators": 200,
        "max_depth": 10,
        "val": {
          "macro_f1": 0.40906366663105787,
          "binary_f1": 0.5672253258845438,
          "fnr": 0.3369612538093165,
          "per_class_f1": {
            "1": 0.5180115656002972,
            "2": 0.4970232523308496,
            "3": 0.36902160718621024,
            "4": 0.2521982414068745
          },
          "class_3_f1": 0.36902160718621024,
          "class_4_f1": 0.2521982414068745
        },
        "test": {
          "macro_f1": 0.3563818452204162,
          "binary_f1": 0.4812353401094605,
          "fnr": 0.3935960591133005,
          "per_class_f1": {
            "1": 0.5287272990901511,
            "2": 0.3508157049276088,
            "3": 0.3072630569360886,
            "4": 0.23872131992781645
          },
          "class_3_f1": 0.3072630569360886,
          "class_4_f1": 0.23872131992781645
        }
      },
      {
        "group": "B",
        "model_type": "ExtraTrees",
        "config": "ET(n=200,d=20)",
        "n_estimators": 200,
        "max_depth": 20,
        "val": {
          "macro_f1": 0.430418924834476,
          "binary_f1": 0.5646186440677966,
          "fnr": 0.36188506747932087,
          "per_class_f1": {
            "1": 0.49695103901486,
            "2": 0.5331381693161317,
            "3": 0.4147246376811594,
            "4": 0.27686185332575325
          },
          "class_3_f1": 0.4147246376811594,
          "class_4_f1": 0.27686185332575325
        },
        "test": {
          "macro_f1": 0.388501775572224,
          "binary_f1": 0.47588075880758807,
          "fnr": 0.4233169129720854,
          "per_class_f1": {
            "1": 0.5090793751486797,
            "2": 0.4323179791976226,
            "3": 0.33829147362431927,
            "4": 0.2743182743182743
          },
          "class_3_f1": 0.33829147362431927,
          "class_4_f1": 0.2743182743182743
        }
      },
      {
        "group": "B",
        "model_type": "ExtraTrees",
        "config": "ET(n=200,d=None)",
        "n_estimators": 200,
        "max_depth": null,
        "val": {
          "macro_f1": 0.435726026579596,
          "binary_f1": 0.5661036691904484,
          "fnr": 0.3652590335219852,
          "per_class_f1": {
            "1": 0.4992468518406941,
            "2": 0.5447963800904977,
            "3": 0.4218097447795824,
            "4": 0.27705112960760997
          },
          "class_3_f1": 0.4218097447795824,
          "class_4_f1": 0.27705112960760997
        },
        "test": {
          "macro_f1": 0.3927820362262844,
          "binary_f1": 0.47483393823187015,
          "fnr": 0.43070607553366175,
          "per_class_f1": {
            "1": 0.5088527771040504,
            "2": 0.4489677442763325,
            "3": 0.33862951193677177,
            "4": 0.27467811158798283
          },
          "class_3_f1": 0.33862951193677177,
          "class_4_f1": 0.27467811158798283
        }
      },
      {
        "group": "B",
        "model_type": "ExtraTrees",
        "config": "ET(n=300,d=6)",
        "n_estimators": 300,
        "max_depth": 6,
        "val": {
          "macro_f1": 0.4022333391412209,
          "binary_f1": 0.5681508298462551,
          "fnr": 0.34240313452329124,
          "per_class_f1": {
            "1": 0.525507854474748,
            "2": 0.4906192800488102,
            "3": 0.34611171960569553,
            "4": 0.2466945024356298
          },
          "class_3_f1": 0.34611171960569553,
          "class_4_f1": 0.2466945024356298
        },
        "test": {
          "macro_f1": 0.33864220637839565,
          "binary_f1": 0.4761843625625883,
          "fnr": 0.3909688013136289,
          "per_class_f1": {
            "1": 0.5376984126984127,
            "2": 0.32502164502164504,
            "3": 0.2849663425579656,
            "4": 0.2068824252355592
          },
          "class_3_f1": 0.2849663425579656,
          "class_4_f1": 0.2068824252355592
        }
      },
      {
        "group": "B",
        "model_type": "ExtraTrees",
        "config": "ET(n=300,d=8)",
        "n_estimators": 300,
        "max_depth": 8,
        "val": {
          "macro_f1": 0.4053326189176945,
          "binary_f1": 0.5654709147735224,
          "fnr": 0.34033521985198084,
          "per_class_f1": {
            "1": 0.5242272347535506,
            "2": 0.49427156199190836,
            "3": 0.35426288852827365,
            "4": 0.24856879039704524
          },
          "class_3_f1": 0.35426288852827365,
          "class_4_f1": 0.24856879039704524
        },
        "test": {
          "macro_f1": 0.3481053997892972,
          "binary_f1": 0.4789785916946092,
          "fnr": 0.3901477832512315,
          "per_class_f1": {
            "1": 0.5329218845311995,
            "2": 0.3383634431455898,
            "3": 0.2942705998386084,
            "4": 0.22686567164179106
          },
          "class_3_f1": 0.2942705998386084,
          "class_4_f1": 0.22686567164179106
        }
      },
      {
        "group": "B",
        "model_type": "ExtraTrees",
        "config": "ET(n=300,d=10)",
        "n_estimators": 300,
        "max_depth": 10,
        "val": {
          "macro_f1": 0.40885949556110895,
          "binary_f1": 0.5655005582433941,
          "fnr": 0.3384849804092294,
          "per_class_f1": {
            "1": 0.5202631020581371,
            "2": 0.49527877697841727,
            "3": 0.3674534312238335,
            "4": 0.25244267198404785
          },
          "class_3_f1": 0.3674534312238335,
          "class_4_f1": 0.25244267198404785
        },
        "test": {
          "macro_f1": 0.35555969850151026,
          "binary_f1": 0.48059487313286803,
          "fnr": 0.39507389162561574,
          "per_class_f1": {
            "1": 0.5290341300641979,
            "2": 0.35183333333333333,
            "3": 0.3040658955485454,
            "4": 0.23730543505996426
          },
          "class_3_f1": 0.3040658955485454,
          "class_4_f1": 0.23730543505996426
        }
      },
      {
        "group": "B",
        "model_type": "ExtraTrees",
        "config": "ET(n=300,d=20)",
        "n_estimators": 300,
        "max_depth": 20,
        "val": {
          "macro_f1": 0.4300589331552266,
          "binary_f1": 0.5632554779677341,
          "fnr": 0.36351763169351325,
          "per_class_f1": {
            "1": 0.4978367806554851,
            "2": 0.5336417443363494,
            "3": 0.41464260929909785,
            "4": 0.2741145983299741
          },
          "class_3_f1": 0.41464260929909785,
          "class_4_f1": 0.2741145983299741
        },
        "test": {
          "macro_f1": 0.3886890518745738,
          "binary_f1": 0.47515759506541044,
          "fnr": 0.4244663382594417,
          "per_class_f1": {
            "1": 0.5112228336170381,
            "2": 0.43149360309431717,
            "3": 0.33614947197400485,
            "4": 0.2758902988129349
          },
          "class_3_f1": 0.33614947197400485,
          "class_4_f1": 0.2758902988129349
        }
      },
      {
        "group": "B",
        "model_type": "ExtraTrees",
        "config": "ET(n=300,d=None)",
        "n_estimators": 300,
        "max_depth": null,
        "val": {
          "macro_f1": 0.4338822782005958,
          "binary_f1": 0.5649750375648296,
          "fnr": 0.3656943839791032,
          "per_class_f1": {
            "1": 0.49744052996085514,
            "2": 0.5422147651006711,
            "3": 0.42039988409156764,
            "4": 0.2754739336492891
          },
          "class_3_f1": 0.42039988409156764,
          "class_4_f1": 0.2754739336492891
        },
        "test": {
          "macro_f1": 0.39207905557032335,
          "binary_f1": 0.47410848476567835,
          "fnr": 0.4302134646962233,
          "per_class_f1": {
            "1": 0.5098878036968278,
            "2": 0.44662737393582186,
            "3": 0.33727472885916987,
            "4": 0.2745263157894737
          },
          "class_3_f1": 0.33727472885916987,
          "class_4_f1": 0.2745263157894737
        }
      },
      {
        "group": "B",
        "model_type": "ExtraTrees",
        "config": "ET(n=500,d=6)",
        "n_estimators": 500,
        "max_depth": 6,
        "val": {
          "macro_f1": 0.4025523842352846,
          "binary_f1": 0.5687056945683301,
          "fnr": 0.3407705703090988,
          "per_class_f1": {
            "1": 0.527420998980632,
            "2": 0.488608079647712,
            "3": 0.34801054187825414,
            "4": 0.2461699164345404
          },
          "class_3_f1": 0.34801054187825414,
          "class_4_f1": 0.2461699164345404
        },
        "test": {
          "macro_f1": 0.337822383612747,
          "binary_f1": 0.47667264803896436,
          "fnr": 0.38932676518883413,
          "per_class_f1": {
            "1": 0.5373631435354144,
            "2": 0.3230335861321777,
            "3": 0.2844651162790698,
            "4": 0.20642768850432633
          },
          "class_3_f1": 0.2844651162790698,
          "class_4_f1": 0.20642768850432633
        }
      },
      {
        "group": "B",
        "model_type": "ExtraTrees",
        "config": "ET(n=500,d=8)",
        "n_estimators": 500,
        "max_depth": 8,
        "val": {
          "macro_f1": 0.4049343864378683,
          "binary_f1": 0.5655944055944055,
          "fnr": 0.3397910317805834,
          "per_class_f1": {
            "1": 0.5238812951509797,
            "2": 0.49049155437464415,
            "3": 0.3555500186869316,
            "4": 0.24981467753891773
          },
          "class_3_f1": 0.3555500186869316,
          "class_4_f1": 0.24981467753891773
        },
        "test": {
          "macro_f1": 0.34828526931070547,
          "binary_f1": 0.4792472286671823,
          "fnr": 0.3894909688013136,
          "per_class_f1": {
            "1": 0.5342406876790831,
            "2": 0.33750958834057787,
            "3": 0.294201861130995,
            "4": 0.2271889400921659
          },
          "class_3_f1": 0.294201861130995,
          "class_4_f1": 0.2271889400921659
        }
      },
      {
        "group": "B",
        "model_type": "ExtraTrees",
        "config": "ET(n=500,d=10)",
        "n_estimators": 500,
        "max_depth": 10,
        "val": {
          "macro_f1": 0.40960285219878545,
          "binary_f1": 0.5659867747042936,
          "fnr": 0.3385938180235089,
          "per_class_f1": {
            "1": 0.5217345207803223,
            "2": 0.49599220915424375,
            "3": 0.3668675065425111,
            "4": 0.25381717231806467
          },
          "class_3_f1": 0.3668675065425111,
          "class_4_f1": 0.25381717231806467
        },
        "test": {
          "macro_f1": 0.3564073893983994,
          "binary_f1": 0.48045347928068804,
          "fnr": 0.39458128078817734,
          "per_class_f1": {
            "1": 0.5293201492267015,
            "2": 0.35063687617456674,
            "3": 0.30526592482257076,
            "4": 0.24040660736975858
          },
          "class_3_f1": 0.30526592482257076,
          "class_4_f1": 0.24040660736975858
        }
      },
      {
        "group": "B",
        "model_type": "ExtraTrees",
        "config": "ET(n=500,d=20)",
        "n_estimators": 500,
        "max_depth": 20,
        "val": {
          "macro_f1": 0.43161761987862224,
          "binary_f1": 0.5652257629729469,
          "fnr": 0.3610143665650849,
          "per_class_f1": {
            "1": 0.4992574110378423,
            "2": 0.5341669781508036,
            "3": 0.41678709752008786,
            "4": 0.2762589928057554
          },
          "class_3_f1": 0.41678709752008786,
          "class_4_f1": 0.2762589928057554
        },
        "test": {
          "macro_f1": 0.3903011346716482,
          "binary_f1": 0.477274266747951,
          "fnr": 0.4215106732348112,
          "per_class_f1": {
            "1": 0.5112008232407188,
            "2": 0.4315111822275146,
            "3": 0.338922640745241,
            "4": 0.27956989247311825
          },
          "class_3_f1": 0.338922640745241,
          "class_4_f1": 0.27956989247311825
        }
      },
      {
        "group": "B",
        "model_type": "ExtraTrees",
        "config": "ET(n=500,d=None)",
        "n_estimators": 500,
        "max_depth": null,
        "val": {
          "macro_f1": 0.43453328218194287,
          "binary_f1": 0.5653395330814686,
          "fnr": 0.36482368306486723,
          "per_class_f1": {
            "1": 0.4976480521046918,
            "2": 0.5432769726247987,
            "3": 0.4216128659030429,
            "4": 0.2755952380952381
          },
          "class_3_f1": 0.4216128659030429,
          "class_4_f1": 0.2755952380952381
        },
        "test": {
          "macro_f1": 0.3925173610572299,
          "binary_f1": 0.47537063605930174,
          "fnr": 0.42873563218390803,
          "per_class_f1": {
            "1": 0.5098355369235731,
            "2": 0.4459336416942856,
            "3": 0.3384089243546942,
            "4": 0.2758913412563667
          },
          "class_3_f1": 0.3384089243546942,
          "class_4_f1": 0.2758913412563667
        }
      },
      {
        "group": "B",
        "model_type": "ExtraTrees",
        "config": "ET(n=600,d=6)",
        "n_estimators": 600,
        "max_depth": 6,
        "val": {
          "macro_f1": 0.40199839309874785,
          "binary_f1": 0.5682757325319309,
          "fnr": 0.3414235959947758,
          "per_class_f1": {
            "1": 0.5275217679107898,
            "2": 0.4880272786483276,
            "3": 0.34615631622888704,
            "4": 0.2462882096069869
          },
          "class_3_f1": 0.34615631622888704,
          "class_4_f1": 0.2462882096069869
        },
        "test": {
          "macro_f1": 0.3386118993036274,
          "binary_f1": 0.4776616883533107,
          "fnr": 0.38817733990147785,
          "per_class_f1": {
            "1": 0.536789179236598,
            "2": 0.32282406001994884,
            "3": 0.28613870578404976,
            "4": 0.20869565217391303
          },
          "class_3_f1": 0.28613870578404976,
          "class_4_f1": 0.20869565217391303
        }
      },
      {
        "group": "B",
        "model_type": "ExtraTrees",
        "config": "ET(n=600,d=8)",
        "n_estimators": 600,
        "max_depth": 8,
        "val": {
          "macro_f1": 0.40459089730863634,
          "binary_f1": 0.5650654614918698,
          "fnr": 0.3400087070091424,
          "per_class_f1": {
            "1": 0.5244092848964297,
            "2": 0.49159679805758943,
            "3": 0.35397458260652875,
            "4": 0.24838292367399742
          },
          "class_3_f1": 0.35397458260652875,
          "class_4_f1": 0.24838292367399742
        },
        "test": {
          "macro_f1": 0.3482659900590003,
          "binary_f1": 0.4791586011098206,
          "fnr": 0.390311986863711,
          "per_class_f1": {
            "1": 0.5340640447023426,
            "2": 0.33790343183172955,
            "3": 0.2940121907493725,
            "4": 0.22708429295255642
          },
          "class_3_f1": 0.2940121907493725,
          "class_4_f1": 0.22708429295255642
        }
      },
      {
        "group": "B",
        "model_type": "ExtraTrees",
        "config": "ET(n=600,d=10)",
        "n_estimators": 600,
        "max_depth": 10,
        "val": {
          "macro_f1": 0.40999790935104596,
          "binary_f1": 0.565879558474221,
          "fnr": 0.33881149325206794,
          "per_class_f1": {
            "1": 0.5216838087159368,
            "2": 0.49589933715312884,
            "3": 0.3682385153635534,
            "4": 0.2541699761715647
          },
          "class_3_f1": 0.3682385153635534,
          "class_4_f1": 0.2541699761715647
        },
        "test": {
          "macro_f1": 0.35574438556921023,
          "binary_f1": 0.48034422061412085,
          "fnr": 0.39507389162561574,
          "per_class_f1": {
            "1": 0.5296371259216424,
            "2": 0.3484410964636953,
            "3": 0.30473684210526314,
            "4": 0.24016247778624017
          },
          "class_3_f1": 0.30473684210526314,
          "class_4_f1": 0.24016247778624017
        }
      },
      {
        "group": "B",
        "model_type": "ExtraTrees",
        "config": "ET(n=600,d=20)",
        "n_estimators": 600,
        "max_depth": 20,
        "val": {
          "macro_f1": 0.430362609689685,
          "binary_f1": 0.5639518072289157,
          "fnr": 0.3631911188506748,
          "per_class_f1": {
            "1": 0.49774721365899927,
            "2": 0.5324631178190223,
            "3": 0.41557690082166415,
            "4": 0.27566320645905423
          },
          "class_3_f1": 0.41557690082166415,
          "class_4_f1": 0.27566320645905423
        },
        "test": {
          "macro_f1": 0.3904401323301423,
          "binary_f1": 0.4769397721106891,
          "fnr": 0.42266009852216746,
          "per_class_f1": {
            "1": 0.5116370964555261,
            "2": 0.4313433391680012,
            "3": 0.338498985801217,
            "4": 0.2802811078958247
          },
          "class_3_f1": 0.338498985801217,
          "class_4_f1": 0.2802811078958247
        }
      },
      {
        "group": "B",
        "model_type": "ExtraTrees",
        "config": "ET(n=600,d=None)",
        "n_estimators": 600,
        "max_depth": null,
        "val": {
          "macro_f1": 0.4342599034581683,
          "binary_f1": 0.5653480705836726,
          "fnr": 0.3653678711362647,
          "per_class_f1": {
            "1": 0.49725556426804995,
            "2": 0.5425592544168427,
            "3": 0.42197904000926406,
            "4": 0.2752457551385165
          },
          "class_3_f1": 0.42197904000926406,
          "class_4_f1": 0.2752457551385165
        },
        "test": {
          "macro_f1": 0.39255265708980136,
          "binary_f1": 0.47572815533980584,
          "fnr": 0.42873563218390803,
          "per_class_f1": {
            "1": 0.5097026667204583,
            "2": 0.4486158099603478,
            "3": 0.33763054830287204,
            "4": 0.2742616033755274
          },
          "class_3_f1": 0.33763054830287204,
          "class_4_f1": 0.2742616033755274
        }
      },
      {
        "group": "C",
        "model_type": "XGBoost",
        "config": "XGB(n=300,d=6,lr=0.05)",
        "n_estimators": 300,
        "max_depth": 6,
        "learning_rate": 0.05,
        "val": {
          "macro_f1": 0.4029564704392886,
          "binary_f1": 0.5521506115157345,
          "fnr": 0.3440356987374837,
          "per_class_f1": {
            "1": 0.5093595511859135,
            "2": 0.4745974560694067,
            "3": 0.3857102029151186,
            "4": 0.24215867158671586
          },
          "class_3_f1": 0.3857102029151186,
          "class_4_f1": 0.24215867158671586
        },
        "test": {
          "macro_f1": 0.3800178703264892,
          "binary_f1": 0.4723809523809524,
          "fnr": 0.4298850574712644,
          "per_class_f1": {
            "1": 0.5319877998267877,
            "2": 0.41746929225969975,
            "3": 0.32788281383069323,
            "4": 0.2427315753887762
          },
          "class_3_f1": 0.32788281383069323,
          "class_4_f1": 0.2427315753887762
        }
      },
      {
        "group": "C",
        "model_type": "XGBoost",
        "config": "XGB(n=300,d=6,lr=0.1)",
        "n_estimators": 300,
        "max_depth": 6,
        "learning_rate": 0.1,
        "val": {
          "macro_f1": 0.4022849754377674,
          "binary_f1": 0.5514035727305869,
          "fnr": 0.3415324336090553,
          "per_class_f1": {
            "1": 0.509578970817554,
            "2": 0.47132959905660377,
            "3": 0.38682846237110463,
            "4": 0.24140286950580733
          },
          "class_3_f1": 0.38682846237110463,
          "class_4_f1": 0.24140286950580733
        },
        "test": {
          "macro_f1": 0.38048709079403975,
          "binary_f1": 0.46959482465100444,
          "fnr": 0.43382594417077175,
          "per_class_f1": {
            "1": 0.5298352746051491,
            "2": 0.4194954842728122,
            "3": 0.32395450269391945,
            "4": 0.24866310160427807
          },
          "class_3_f1": 0.32395450269391945,
          "class_4_f1": 0.24866310160427807
        }
      },
      {
        "group": "C",
        "model_type": "XGBoost",
        "config": "XGB(n=300,d=8,lr=0.05)",
        "n_estimators": 300,
        "max_depth": 8,
        "learning_rate": 0.05,
        "val": {
          "macro_f1": 0.4092702142473406,
          "binary_f1": 0.55134074558535,
          "fnr": 0.35774923813670007,
          "per_class_f1": {
            "1": 0.4969363797743801,
            "2": 0.49036106081584835,
            "3": 0.4123378431045042,
            "4": 0.2374455732946299
          },
          "class_3_f1": 0.4123378431045042,
          "class_4_f1": 0.2374455732946299
        },
        "test": {
          "macro_f1": 0.3936142788213255,
          "binary_f1": 0.46915822563744325,
          "fnr": 0.44860426929392444,
          "per_class_f1": {
            "1": 0.5285103072734345,
            "2": 0.45094318562339547,
            "3": 0.35174802110817943,
            "4": 0.24325560128029264
          },
          "class_3_f1": 0.35174802110817943,
          "class_4_f1": 0.24325560128029264
        }
      },
      {
        "group": "C",
        "model_type": "XGBoost",
        "config": "XGB(n=300,d=8,lr=0.1)",
        "n_estimators": 300,
        "max_depth": 8,
        "learning_rate": 0.1,
        "val": {
          "macro_f1": 0.40500347806895676,
          "binary_f1": 0.5509937482504432,
          "fnr": 0.35731388767958205,
          "per_class_f1": {
            "1": 0.4989186112692089,
            "2": 0.4865154109589041,
            "3": 0.40584906717463165,
            "4": 0.22873082287308227
          },
          "class_3_f1": 0.40584906717463165,
          "class_4_f1": 0.22873082287308227
        },
        "test": {
          "macro_f1": 0.394247782555321,
          "binary_f1": 0.4692387904066736,
          "fnr": 0.4458128078817734,
          "per_class_f1": {
            "1": 0.5296075547643007,
            "2": 0.4454439821582518,
            "3": 0.34524601063829785,
            "4": 0.2566935826604335
          },
          "class_3_f1": 0.34524601063829785,
          "class_4_f1": 0.2566935826604335
        }
      },
      {
        "group": "C",
        "model_type": "XGBoost",
        "config": "XGB(n=300,d=10,lr=0.05)",
        "n_estimators": 300,
        "max_depth": 10,
        "learning_rate": 0.05,
        "val": {
          "macro_f1": 0.4155813091327233,
          "binary_f1": 0.5470068885223635,
          "fnr": 0.3863735306922072,
          "per_class_f1": {
            "1": 0.4875875994773726,
            "2": 0.5115603028664143,
            "3": 0.42671009771986973,
            "4": 0.23646723646723647
          },
          "class_3_f1": 0.42671009771986973,
          "class_4_f1": 0.23646723646723647
        },
        "test": {
          "macro_f1": 0.39531251048108496,
          "binary_f1": 0.4646840148698885,
          "fnr": 0.4663382594417077,
          "per_class_f1": {
            "1": 0.5128351630412602,
            "2": 0.4796029706803703,
            "3": 0.3586840593978177,
            "4": 0.2301278488048916
          },
          "class_3_f1": 0.3586840593978177,
          "class_4_f1": 0.2301278488048916
        }
      },
      {
        "group": "C",
        "model_type": "XGBoost",
        "config": "XGB(n=300,d=10,lr=0.1)",
        "n_estimators": 300,
        "max_depth": 10,
        "learning_rate": 0.1,
        "val": {
          "macro_f1": 0.4116437666511316,
          "binary_f1": 0.5464799688837029,
          "fnr": 0.3883326077492381,
          "per_class_f1": {
            "1": 0.48726454211586306,
            "2": 0.5089569390928141,
            "3": 0.4208681890119828,
            "4": 0.22948539638386647
          },
          "class_3_f1": 0.4208681890119828,
          "class_4_f1": 0.22948539638386647
        },
        "test": {
          "macro_f1": 0.39153909380379515,
          "binary_f1": 0.46356289780447685,
          "fnr": 0.46781609195402296,
          "per_class_f1": {
            "1": 0.5129227888802963,
            "2": 0.4776719576719577,
            "3": 0.35497339336880884,
            "4": 0.22058823529411764
          },
          "class_3_f1": 0.35497339336880884,
          "class_4_f1": 0.22058823529411764
        }
      },
      {
        "group": "C",
        "model_type": "XGBoost",
        "config": "XGB(n=500,d=6,lr=0.05)",
        "n_estimators": 500,
        "max_depth": 6,
        "learning_rate": 0.05,
        "val": {
          "macro_f1": 0.4029564704392886,
          "binary_f1": 0.5521506115157345,
          "fnr": 0.3440356987374837,
          "per_class_f1": {
            "1": 0.5093595511859135,
            "2": 0.4745974560694067,
            "3": 0.3857102029151186,
            "4": 0.24215867158671586
          },
          "class_3_f1": 0.3857102029151186,
          "class_4_f1": 0.24215867158671586
        },
        "test": {
          "macro_f1": 0.3800178703264892,
          "binary_f1": 0.4723809523809524,
          "fnr": 0.4298850574712644,
          "per_class_f1": {
            "1": 0.5319877998267877,
            "2": 0.41746929225969975,
            "3": 0.32788281383069323,
            "4": 0.2427315753887762
          },
          "class_3_f1": 0.32788281383069323,
          "class_4_f1": 0.2427315753887762
        }
      },
      {
        "group": "C",
        "model_type": "XGBoost",
        "config": "XGB(n=500,d=6,lr=0.1)",
        "n_estimators": 500,
        "max_depth": 6,
        "learning_rate": 0.1,
        "val": {
          "macro_f1": 0.4022849754377674,
          "binary_f1": 0.5514035727305869,
          "fnr": 0.3415324336090553,
          "per_class_f1": {
            "1": 0.509578970817554,
            "2": 0.47132959905660377,
            "3": 0.38682846237110463,
            "4": 0.24140286950580733
          },
          "class_3_f1": 0.38682846237110463,
          "class_4_f1": 0.24140286950580733
        },
        "test": {
          "macro_f1": 0.38048709079403975,
          "binary_f1": 0.46959482465100444,
          "fnr": 0.43382594417077175,
          "per_class_f1": {
            "1": 0.5298352746051491,
            "2": 0.4194954842728122,
            "3": 0.32395450269391945,
            "4": 0.24866310160427807
          },
          "class_3_f1": 0.32395450269391945,
          "class_4_f1": 0.24866310160427807
        }
      },
      {
        "group": "C",
        "model_type": "XGBoost",
        "config": "XGB(n=500,d=8,lr=0.05)",
        "n_estimators": 500,
        "max_depth": 8,
        "learning_rate": 0.05,
        "val": {
          "macro_f1": 0.4092702142473406,
          "binary_f1": 0.55134074558535,
          "fnr": 0.35774923813670007,
          "per_class_f1": {
            "1": 0.4969363797743801,
            "2": 0.49036106081584835,
            "3": 0.4123378431045042,
            "4": 0.2374455732946299
          },
          "class_3_f1": 0.4123378431045042,
          "class_4_f1": 0.2374455732946299
        },
        "test": {
          "macro_f1": 0.3936142788213255,
          "binary_f1": 0.46915822563744325,
          "fnr": 0.44860426929392444,
          "per_class_f1": {
            "1": 0.5285103072734345,
            "2": 0.45094318562339547,
            "3": 0.35174802110817943,
            "4": 0.24325560128029264
          },
          "class_3_f1": 0.35174802110817943,
          "class_4_f1": 0.24325560128029264
        }
      },
      {
        "group": "C",
        "model_type": "XGBoost",
        "config": "XGB(n=500,d=8,lr=0.1)",
        "n_estimators": 500,
        "max_depth": 8,
        "learning_rate": 0.1,
        "val": {
          "macro_f1": 0.40500347806895676,
          "binary_f1": 0.5509937482504432,
          "fnr": 0.35731388767958205,
          "per_class_f1": {
            "1": 0.4989186112692089,
            "2": 0.4865154109589041,
            "3": 0.40584906717463165,
            "4": 0.22873082287308227
          },
          "class_3_f1": 0.40584906717463165,
          "class_4_f1": 0.22873082287308227
        },
        "test": {
          "macro_f1": 0.394247782555321,
          "binary_f1": 0.4692387904066736,
          "fnr": 0.4458128078817734,
          "per_class_f1": {
            "1": 0.5296075547643007,
            "2": 0.4454439821582518,
            "3": 0.34524601063829785,
            "4": 0.2566935826604335
          },
          "class_3_f1": 0.34524601063829785,
          "class_4_f1": 0.2566935826604335
        }
      },
      {
        "group": "C",
        "model_type": "XGBoost",
        "config": "XGB(n=500,d=10,lr=0.05)",
        "n_estimators": 500,
        "max_depth": 10,
        "learning_rate": 0.05,
        "val": {
          "macro_f1": 0.4155813091327233,
          "binary_f1": 0.5470068885223635,
          "fnr": 0.3863735306922072,
          "per_class_f1": {
            "1": 0.4875875994773726,
            "2": 0.5115603028664143,
            "3": 0.42671009771986973,
            "4": 0.23646723646723647
          },
          "class_3_f1": 0.42671009771986973,
          "class_4_f1": 0.23646723646723647
        },
        "test": {
          "macro_f1": 0.39531251048108496,
          "binary_f1": 0.4646840148698885,
          "fnr": 0.4663382594417077,
          "per_class_f1": {
            "1": 0.5128351630412602,
            "2": 0.4796029706803703,
            "3": 0.3586840593978177,
            "4": 0.2301278488048916
          },
          "class_3_f1": 0.3586840593978177,
          "class_4_f1": 0.2301278488048916
        }
      },
      {
        "group": "C",
        "model_type": "XGBoost",
        "config": "XGB(n=500,d=10,lr=0.1)",
        "n_estimators": 500,
        "max_depth": 10,
        "learning_rate": 0.1,
        "val": {
          "macro_f1": 0.4116437666511316,
          "binary_f1": 0.5464799688837029,
          "fnr": 0.3883326077492381,
          "per_class_f1": {
            "1": 0.48726454211586306,
            "2": 0.5089569390928141,
            "3": 0.4208681890119828,
            "4": 0.22948539638386647
          },
          "class_3_f1": 0.4208681890119828,
          "class_4_f1": 0.22948539638386647
        },
        "test": {
          "macro_f1": 0.39153909380379515,
          "binary_f1": 0.46356289780447685,
          "fnr": 0.46781609195402296,
          "per_class_f1": {
            "1": 0.5129227888802963,
            "2": 0.4776719576719577,
            "3": 0.35497339336880884,
            "4": 0.22058823529411764
          },
          "class_3_f1": 0.35497339336880884,
          "class_4_f1": 0.22058823529411764
        }
      },
      {
        "group": "D",
        "model_type": "RF",
        "config": "RF(cw=none)",
        "class_weight": "none",
        "val": {
          "macro_f1": 0.376204304054877,
          "binary_f1": 0.509000458205145,
          "fnr": 0.5768393556813235,
          "per_class_f1": {
            "1": 0.35006925207756234,
            "2": 0.6459074290546423,
            "3": 0.4340741799471164,
            "4": 0.07476635514018691
          },
          "class_3_f1": 0.4340741799471164,
          "class_4_f1": 0.07476635514018691
        },
        "test": {
          "macro_f1": 0.35178520756084347,
          "binary_f1": 0.4414334806087383,
          "fnr": 0.6308702791461412,
          "per_class_f1": {
            "1": 0.3861640480315431,
            "2": 0.6352994146780729,
            "3": 0.366652397260274,
            "4": 0.019024970273483946
          },
          "class_3_f1": 0.366652397260274,
          "class_4_f1": 0.019024970273483946
        }
      },
      {
        "group": "D",
        "model_type": "RF",
        "config": "RF(cw=balanced)",
        "class_weight": "balanced",
        "val": {
          "macro_f1": 0.43676803771002815,
          "binary_f1": 0.5673091069589524,
          "fnr": 0.37048323900740093,
          "per_class_f1": {
            "1": 0.4836132603635906,
            "2": 0.5491088851307402,
            "3": 0.443103546422269,
            "4": 0.27124645892351273
          },
          "class_3_f1": 0.443103546422269,
          "class_4_f1": 0.27124645892351273
        },
        "test": {
          "macro_f1": 0.40940214737247743,
          "binary_f1": 0.47660941209328306,
          "fnr": 0.43957307060755335,
          "per_class_f1": {
            "1": 0.5120704699380895,
            "2": 0.48069301722021535,
            "3": 0.3648886753163543,
            "4": 0.27995642701525053
          },
          "class_3_f1": 0.3648886753163543,
          "class_4_f1": 0.27995642701525053
        }
      },
      {
        "group": "D",
        "model_type": "RF",
        "config": "RF(cw=1:3)",
        "class_weight": "1:3",
        "val": {
          "macro_f1": 0.37897007760549334,
          "binary_f1": 0.5722200993504012,
          "fnr": 0.348062690465825,
          "per_class_f1": {
            "1": 0.3416301489921122,
            "2": 0.5887575670221966,
            "3": 0.5048098946404032,
            "4": 0.08068269976726145
          },
          "class_3_f1": 0.5048098946404032,
          "class_4_f1": 0.08068269976726145
        },
        "test": {
          "macro_f1": 0.34643817422782114,
          "binary_f1": 0.4747352901755797,
          "fnr": 0.41839080459770117,
          "per_class_f1": {
            "1": 0.3743006455579465,
            "2": 0.5874842503149937,
            "3": 0.40494283076486043,
            "4": 0.019024970273483946
          },
          "class_3_f1": 0.40494283076486043,
          "class_4_f1": 0.019024970273483946
        }
      },
      {
        "group": "D",
        "model_type": "RF",
        "config": "RF(cw=1:5)",
        "class_weight": "1:5",
        "val": {
          "macro_f1": 0.35486776148362553,
          "binary_f1": 0.5552582178376003,
          "fnr": 0.2434697431432303,
          "per_class_f1": {
            "1": 0.3293343997156314,
            "2": 0.5145384765497951,
            "3": 0.4925851027974385,
            "4": 0.0830130668716372
          },
          "class_3_f1": 0.4925851027974385,
          "class_4_f1": 0.0830130668716372
        },
        "test": {
          "macro_f1": 0.32978289735727384,
          "binary_f1": 0.4606747757168804,
          "fnr": 0.312807881773399,
          "per_class_f1": {
            "1": 0.365707881957415,
            "2": 0.5383367512472835,
            "3": 0.3984992784992785,
            "4": 0.016587677725118485
          },
          "class_3_f1": 0.3984992784992785,
          "class_4_f1": 0.016587677725118485
        }
      },
      {
        "group": "D",
        "model_type": "RF",
        "config": "RF(cw=1:10)",
        "class_weight": "1:10",
        "val": {
          "macro_f1": 0.30393241660331183,
          "binary_f1": 0.5165739566051852,
          "fnr": 0.13582934262080976,
          "per_class_f1": {
            "1": 0.3132791327913279,
            "2": 0.36622398414271556,
            "3": 0.4596568710718532,
            "4": 0.07656967840735068
          },
          "class_3_f1": 0.4596568710718532,
          "class_4_f1": 0.07656967840735068
        },
        "test": {
          "macro_f1": 0.2976058663897846,
          "binary_f1": 0.42533121811087765,
          "fnr": 0.18555008210180624,
          "per_class_f1": {
            "1": 0.351130412568655,
            "2": 0.44618745746928834,
            "3": 0.37215099715099714,
            "4": 0.020954598370197905
          },
          "class_3_f1": 0.37215099715099714,
          "class_4_f1": 0.020954598370197905
        }
      },
      {
        "group": "E",
        "model_type": "RF-Ensemble",
        "config": "Ensemble(top=1)",
        "top_k": 1,
        "val": {
          "macro_f1": 0.42528188635960795,
          "binary_f1": 0.5675161658425256,
          "fnr": 0.35045711797997386,
          "per_class_f1": {
            "1": 0.5029529884242854,
            "2": 0.5223582828838745,
            "3": 0.41553841759497284,
            "4": 0.2602778565352991
          },
          "class_3_f1": 0.41553841759497284,
          "class_4_f1": 0.2602778565352991
        },
        "test": {
          "macro_f1": 0.3959440594894916,
          "binary_f1": 0.47878083783229686,
          "fnr": 0.42479474548440066,
          "per_class_f1": {
            "1": 0.5195478097032501,
            "2": 0.435710819990296,
            "3": 0.3455702398433676,
            "4": 0.2829473684210526
          },
          "class_3_f1": 0.3455702398433676,
          "class_4_f1": 0.2829473684210526
        }
      },
      {
        "group": "E",
        "model_type": "RF-Ensemble",
        "config": "Ensemble(top=3)",
        "top_k": 3,
        "val": {
          "macro_f1": 0.42768552638856083,
          "binary_f1": 0.5669666238156453,
          "fnr": 0.3519808445798868,
          "per_class_f1": {
            "1": 0.5011789672247111,
            "2": 0.5222057862327566,
            "3": 0.4180829756795422,
            "4": 0.26927437641723356
          },
          "class_3_f1": 0.4180829756795422,
          "class_4_f1": 0.26927437641723356
        },
        "test": {
          "macro_f1": 0.3960299500700851,
          "binary_f1": 0.4793895210192819,
          "fnr": 0.42233169129720854,
          "per_class_f1": {
            "1": 0.5197793168212231,
            "2": 0.43325333733313337,
            "3": 0.34585365853658534,
            "4": 0.2852334875893984
          },
          "class_3_f1": 0.34585365853658534,
          "class_4_f1": 0.2852334875893984
        }
      },
      {
        "group": "E",
        "model_type": "RF-Ensemble",
        "config": "Ensemble(top=5)",
        "top_k": 5,
        "val": {
          "macro_f1": 0.42768552638856083,
          "binary_f1": 0.5669666238156453,
          "fnr": 0.3519808445798868,
          "per_class_f1": {
            "1": 0.5011789672247111,
            "2": 0.5222057862327566,
            "3": 0.4180829756795422,
            "4": 0.26927437641723356
          },
          "class_3_f1": 0.4180829756795422,
          "class_4_f1": 0.26927437641723356
        },
        "test": {
          "macro_f1": 0.3960299500700851,
          "binary_f1": 0.4793895210192819,
          "fnr": 0.42233169129720854,
          "per_class_f1": {
            "1": 0.5197793168212231,
            "2": 0.43325333733313337,
            "3": 0.34585365853658534,
            "4": 0.2852334875893984
          },
          "class_3_f1": 0.34585365853658534,
          "class_4_f1": 0.2852334875893984
        }
      },
      {
        "group": "E",
        "model_type": "RF-Ensemble",
        "config": "Ensemble(top=7)",
        "top_k": 7,
        "val": {
          "macro_f1": 0.42768552638856083,
          "binary_f1": 0.5669666238156453,
          "fnr": 0.3519808445798868,
          "per_class_f1": {
            "1": 0.5011789672247111,
            "2": 0.5222057862327566,
            "3": 0.4180829756795422,
            "4": 0.26927437641723356
          },
          "class_3_f1": 0.4180829756795422,
          "class_4_f1": 0.26927437641723356
        },
        "test": {
          "macro_f1": 0.3960299500700851,
          "binary_f1": 0.4793895210192819,
          "fnr": 0.42233169129720854,
          "per_class_f1": {
            "1": 0.5197793168212231,
            "2": 0.43325333733313337,
            "3": 0.34585365853658534,
            "4": 0.2852334875893984
          },
          "class_3_f1": 0.34585365853658534,
          "class_4_f1": 0.2852334875893984
        }
      },
      {
        "group": "F",
        "model_type": "Threshold",
        "config": "Thresh(0.20)",
        "threshold": 0.2,
        "val": {
          "macro_f1": 0.43676803771002815,
          "binary_f1": 0.5673091069589524,
          "fnr": 0.37048323900740093,
          "per_class_f1": {
            "1": 0.4836132603635906,
            "2": 0.5491088851307402,
            "3": 0.443103546422269,
            "4": 0.27124645892351273
          },
          "class_3_f1": 0.443103546422269,
          "class_4_f1": 0.27124645892351273
        },
        "test": {
          "macro_f1": 0.40940214737247743,
          "binary_f1": 0.47660941209328306,
          "fnr": 0.43957307060755335,
          "per_class_f1": {
            "1": 0.5120704699380895,
            "2": 0.48069301722021535,
            "3": 0.3648886753163543,
            "4": 0.27995642701525053
          },
          "class_3_f1": 0.3648886753163543,
          "class_4_f1": 0.27995642701525053
        }
      },
      {
        "group": "F",
        "model_type": "Threshold",
        "config": "Thresh(0.25)",
        "threshold": 0.25,
        "val": {
          "macro_f1": 0.43676803771002815,
          "binary_f1": 0.5673091069589524,
          "fnr": 0.37048323900740093,
          "per_class_f1": {
            "1": 0.4836132603635906,
            "2": 0.5491088851307402,
            "3": 0.443103546422269,
            "4": 0.27124645892351273
          },
          "class_3_f1": 0.443103546422269,
          "class_4_f1": 0.27124645892351273
        },
        "test": {
          "macro_f1": 0.40940214737247743,
          "binary_f1": 0.47660941209328306,
          "fnr": 0.43957307060755335,
          "per_class_f1": {
            "1": 0.5120704699380895,
            "2": 0.48069301722021535,
            "3": 0.3648886753163543,
            "4": 0.27995642701525053
          },
          "class_3_f1": 0.3648886753163543,
          "class_4_f1": 0.27995642701525053
        }
      },
      {
        "group": "F",
        "model_type": "Threshold",
        "config": "Thresh(0.30)",
        "threshold": 0.3,
        "val": {
          "macro_f1": 0.43676803771002815,
          "binary_f1": 0.5673091069589524,
          "fnr": 0.37048323900740093,
          "per_class_f1": {
            "1": 0.4836132603635906,
            "2": 0.5491088851307402,
            "3": 0.443103546422269,
            "4": 0.27124645892351273
          },
          "class_3_f1": 0.443103546422269,
          "class_4_f1": 0.27124645892351273
        },
        "test": {
          "macro_f1": 0.40940214737247743,
          "binary_f1": 0.47660941209328306,
          "fnr": 0.43957307060755335,
          "per_class_f1": {
            "1": 0.5120704699380895,
            "2": 0.48069301722021535,
            "3": 0.3648886753163543,
            "4": 0.27995642701525053
          },
          "class_3_f1": 0.3648886753163543,
          "class_4_f1": 0.27995642701525053
        }
      },
      {
        "group": "F",
        "model_type": "Threshold",
        "config": "Thresh(0.35)",
        "threshold": 0.35,
        "val": {
          "macro_f1": 0.43676803771002815,
          "binary_f1": 0.5673091069589524,
          "fnr": 0.37048323900740093,
          "per_class_f1": {
            "1": 0.4836132603635906,
            "2": 0.5491088851307402,
            "3": 0.443103546422269,
            "4": 0.27124645892351273
          },
          "class_3_f1": 0.443103546422269,
          "class_4_f1": 0.27124645892351273
        },
        "test": {
          "macro_f1": 0.409425867481999,
          "binary_f1": 0.4766759776536313,
          "fnr": 0.43957307060755335,
          "per_class_f1": {
            "1": 0.5120704699380895,
            "2": 0.4807294406452744,
            "3": 0.3649471323293816,
            "4": 0.27995642701525053
          },
          "class_3_f1": 0.3649471323293816,
          "class_4_f1": 0.27995642701525053
        }
      },
      {
        "group": "F",
        "model_type": "Threshold",
        "config": "Thresh(0.40)",
        "threshold": 0.39999999999999997,
        "val": {
          "macro_f1": 0.436446937445376,
          "binary_f1": 0.5665455259797663,
          "fnr": 0.37222464083587287,
          "per_class_f1": {
            "1": 0.4836132603635906,
            "2": 0.5489163986093512,
            "3": 0.4420116318850496,
            "4": 0.27124645892351273
          },
          "class_3_f1": 0.4420116318850496,
          "class_4_f1": 0.27124645892351273
        },
        "test": {
          "macro_f1": 0.41036128845773034,
          "binary_f1": 0.4785413744740533,
          "fnr": 0.43973727422003284,
          "per_class_f1": {
            "1": 0.5120704699380895,
            "2": 0.48286964129483817,
            "3": 0.3665486155827431,
            "4": 0.27995642701525053
          },
          "class_3_f1": 0.3665486155827431,
          "class_4_f1": 0.27995642701525053
        }
      },
      {
        "group": "F",
        "model_type": "Threshold",
        "config": "Thresh(0.45)",
        "threshold": 0.44999999999999996,
        "val": {
          "macro_f1": 0.43772316147973356,
          "binary_f1": 0.5680744167537184,
          "fnr": 0.3785372224640836,
          "per_class_f1": {
            "1": 0.4836132603635906,
            "2": 0.5532285088284573,
            "3": 0.4427083333333333,
            "4": 0.27134254339355296
          },
          "class_3_f1": 0.4427083333333333,
          "class_4_f1": 0.27134254339355296
        },
        "test": {
          "macro_f1": 0.4132883851330147,
          "binary_f1": 0.48448807050225695,
          "fnr": 0.44482758620689655,
          "per_class_f1": {
            "1": 0.5120704699380895,
            "2": 0.49020015236512227,
            "3": 0.3709264912135962,
            "4": 0.27995642701525053
          },
          "class_3_f1": 0.3709264912135962,
          "class_4_f1": 0.27995642701525053
        }
      },
      {
        "group": "F",
        "model_type": "Threshold",
        "config": "Thresh(0.50)",
        "threshold": 0.49999999999999994,
        "val": {
          "macro_f1": 0.4409367864506132,
          "binary_f1": 0.5683914334844459,
          "fnr": 0.4063996517196343,
          "per_class_f1": {
            "1": 0.4836132603635906,
            "2": 0.57011393514461,
            "3": 0.4384850335980452,
            "4": 0.271534916696207
          },
          "class_3_f1": 0.4384850335980452,
          "class_4_f1": 0.271534916696207
        },
        "test": {
          "macro_f1": 0.4173850428267316,
          "binary_f1": 0.4878528721713464,
          "fnr": 0.47077175697865353,
          "per_class_f1": {
            "1": 0.5120704699380895,
            "2": 0.5060428060225508,
            "3": 0.3705525784063955,
            "4": 0.28087431693989073
          },
          "class_3_f1": 0.3705525784063955,
          "class_4_f1": 0.28087431693989073
        }
      }
    ],
    "BTL": [
      {
        "group": "A",
        "model_type": "RF",
        "config": "RF(n=200,d=6)",
        "n_estimators": 200,
        "max_depth": 6,
        "val": {
          "macro_f1": 0.33547991687731066,
          "binary_f1": 0.3980444948278305,
          "fnr": 0.38815072968852105,
          "per_class_f1": {
            "1": 0.6041518862395509,
            "2": 0.3169292298687997,
            "3": 0.21958941885404965,
            "4": 0.20124913254684246
          },
          "class_3_f1": 0.21958941885404965,
          "class_4_f1": 0.20124913254684246
        },
        "test": {
          "macro_f1": 0.33413626174815025,
          "binary_f1": 0.34470642625982434,
          "fnr": 0.37575351640991295,
          "per_class_f1": {
            "1": 0.6637798356593192,
            "2": 0.318386660657954,
            "3": 0.21481020535158682,
            "4": 0.13956834532374102
          },
          "class_3_f1": 0.21481020535158682,
          "class_4_f1": 0.13956834532374102
        }
      },
      {
        "group": "A",
        "model_type": "RF",
        "config": "RF(n=200,d=8)",
        "n_estimators": 200,
        "max_depth": 8,
        "val": {
          "macro_f1": 0.3443849809620069,
          "binary_f1": 0.4026181818181818,
          "fnr": 0.3970812459159225,
          "per_class_f1": {
            "1": 0.597265771980434,
            "2": 0.33486024118911845,
            "3": 0.24175597691673537,
            "4": 0.20365793376174
          },
          "class_3_f1": 0.24175597691673537,
          "class_4_f1": 0.20365793376174
        },
        "test": {
          "macro_f1": 0.34431201009124823,
          "binary_f1": 0.35292991191114514,
          "fnr": 0.3827863362357669,
          "per_class_f1": {
            "1": 0.6611622569838297,
            "2": 0.3386705482775352,
            "3": 0.23634308677634058,
            "4": 0.14107214832728737
          },
          "class_3_f1": 0.23634308677634058,
          "class_4_f1": 0.14107214832728737
        }
      },
      {
        "group": "A",
        "model_type": "RF",
        "config": "RF(n=200,d=10)",
        "n_estimators": 200,
        "max_depth": 10,
        "val": {
          "macro_f1": 0.3542738541408062,
          "binary_f1": 0.39790972432596183,
          "fnr": 0.427793509039425,
          "per_class_f1": {
            "1": 0.5964724409448819,
            "2": 0.3487908703921746,
            "3": 0.25321100917431194,
            "4": 0.21862109605185623
          },
          "class_3_f1": 0.25321100917431194,
          "class_4_f1": 0.21862109605185623
        },
        "test": {
          "macro_f1": 0.3524059718153259,
          "binary_f1": 0.3637644690488173,
          "fnr": 0.3948425987943737,
          "per_class_f1": {
            "1": 0.6631486834080241,
            "2": 0.3592646447860407,
            "3": 0.25563161169881765,
            "4": 0.13157894736842105
          },
          "class_3_f1": 0.25563161169881765,
          "class_4_f1": 0.13157894736842105
        }
      },
      {
        "group": "A",
        "model_type": "RF",
        "config": "RF(n=200,d=20)",
        "n_estimators": 200,
        "max_depth": 20,
        "val": {
          "macro_f1": 0.386630682431392,
          "binary_f1": 0.4045690904441224,
          "fnr": 0.48311914615552165,
          "per_class_f1": {
            "1": 0.5984227029423875,
            "2": 0.3881678745996966,
            "3": 0.2905280460242449,
            "4": 0.2694041061592389
          },
          "class_3_f1": 0.2905280460242449,
          "class_4_f1": 0.2694041061592389
        },
        "test": {
          "macro_f1": 0.3605863854097977,
          "binary_f1": 0.3758020164986251,
          "fnr": 0.4507702612190221,
          "per_class_f1": {
            "1": 0.6671781169810322,
            "2": 0.3833505129337849,
            "3": 0.29411003236245953,
            "4": 0.09770687936191426
          },
          "class_3_f1": 0.29411003236245953,
          "class_4_f1": 0.09770687936191426
        }
      },
      {
        "group": "A",
        "model_type": "RF",
        "config": "RF(n=200,d=None)",
        "n_estimators": 200,
        "max_depth": null,
        "val": {
          "macro_f1": 0.3866495228562174,
          "binary_f1": 0.3990813983158969,
          "fnr": 0.48900021781746894,
          "per_class_f1": {
            "1": 0.5973145861042498,
            "2": 0.38707227543141637,
            "3": 0.28764182766022695,
            "4": 0.2745694022289767
          },
          "class_3_f1": 0.28764182766022695,
          "class_4_f1": 0.2745694022289767
        },
        "test": {
          "macro_f1": 0.3611429462704595,
          "binary_f1": 0.37071722247601646,
          "fnr": 0.45646349631614197,
          "per_class_f1": {
            "1": 0.664415791572511,
            "2": 0.38682967220301007,
            "3": 0.29352592210472017,
            "4": 0.0998003992015968
          },
          "class_3_f1": 0.29352592210472017,
          "class_4_f1": 0.0998003992015968
        }
      },
      {
        "group": "A",
        "model_type": "RF",
        "config": "RF(n=300,d=6)",
        "n_estimators": 300,
        "max_depth": 6,
        "val": {
          "macro_f1": 0.33602478923748685,
          "binary_f1": 0.398445778876722,
          "fnr": 0.3857547375299499,
          "per_class_f1": {
            "1": 0.6043942479787694,
            "2": 0.3155067155067155,
            "3": 0.2221545334551731,
            "4": 0.20204366000928936
          },
          "class_3_f1": 0.2221545334551731,
          "class_4_f1": 0.20204366000928936
        },
        "test": {
          "macro_f1": 0.3346392264045999,
          "binary_f1": 0.34433046853340726,
          "fnr": 0.37608841259209647,
          "per_class_f1": {
            "1": 0.664790347379668,
            "2": 0.3171447933137565,
            "3": 0.2133532264080567,
            "4": 0.14326853851691865
          },
          "class_3_f1": 0.2133532264080567,
          "class_4_f1": 0.14326853851691865
        }
      },
      {
        "group": "A",
        "model_type": "RF",
        "config": "RF(n=300,d=8)",
        "n_estimators": 300,
        "max_depth": 8,
        "val": {
          "macro_f1": 0.34399620231454653,
          "binary_f1": 0.40322229479642935,
          "fnr": 0.39490307122631235,
          "per_class_f1": {
            "1": 0.5955349012465853,
            "2": 0.3347034096216721,
            "3": 0.24203821656050956,
            "4": 0.20370828182941902
          },
          "class_3_f1": 0.24203821656050956,
          "class_4_f1": 0.20370828182941902
        },
        "test": {
          "macro_f1": 0.34525370806132755,
          "binary_f1": 0.353639846743295,
          "fnr": 0.38178164768921635,
          "per_class_f1": {
            "1": 0.660765714587682,
            "2": 0.3404781090518399,
            "3": 0.2358100488660569,
            "4": 0.1439609597397316
          },
          "class_3_f1": 0.2358100488660569,
          "class_4_f1": 0.1439609597397316
        }
      },
      {
        "group": "A",
        "model_type": "RF",
        "config": "RF(n=300,d=10)",
        "n_estimators": 300,
        "max_depth": 10,
        "val": {
          "macro_f1": 0.3535411669476224,
          "binary_f1": 0.39590132827324476,
          "fnr": 0.4319320409496842,
          "per_class_f1": {
            "1": 0.5951526597418949,
            "2": 0.34792449413788423,
            "3": 0.2506383413338781,
            "4": 0.22044917257683216
          },
          "class_3_f1": 0.2506383413338781,
          "class_4_f1": 0.22044917257683216
        },
        "test": {
          "macro_f1": 0.3532502922374833,
          "binary_f1": 0.36363636363636365,
          "fnr": 0.39584728734092434,
          "per_class_f1": {
            "1": 0.6639092162477463,
            "2": 0.3593230897009967,
            "3": 0.25650603909849334,
            "4": 0.13326282390269698
          },
          "class_3_f1": 0.25650603909849334,
          "class_4_f1": 0.13326282390269698
        }
      },
      {
        "group": "A",
        "model_type": "RF",
        "config": "RF(n=300,d=20)",
        "n_estimators": 300,
        "max_depth": 20,
        "val": {
          "macro_f1": 0.3871764714771601,
          "binary_f1": 0.40384615384615385,
          "fnr": 0.4876933130037029,
          "per_class_f1": {
            "1": 0.5990059830953813,
            "2": 0.38942812723223663,
            "3": 0.289648033126294,
            "4": 0.27062374245472837
          },
          "class_3_f1": 0.289648033126294,
          "class_4_f1": 0.27062374245472837
        },
        "test": {
          "macro_f1": 0.36158659788301484,
          "binary_f1": 0.3719701321079839,
          "fnr": 0.4578030810448761,
          "per_class_f1": {
            "1": 0.6689432443879711,
            "2": 0.38509377601488665,
            "3": 0.29311908772839185,
            "4": 0.09919028340080972
          },
          "class_3_f1": 0.29311908772839185,
          "class_4_f1": 0.09919028340080972
        }
      },
      {
        "group": "A",
        "model_type": "RF",
        "config": "RF(n=300,d=None)",
        "n_estimators": 300,
        "max_depth": null,
        "val": {
          "macro_f1": 0.38958603679458353,
          "binary_f1": 0.4022841557998807,
          "fnr": 0.4859507732520148,
          "per_class_f1": {
            "1": 0.599360698800519,
            "2": 0.3882561376866616,
            "3": 0.2914665304036791,
            "4": 0.2792607802874743
          },
          "class_3_f1": 0.2914665304036791,
          "class_4_f1": 0.2792607802874743
        },
        "test": {
          "macro_f1": 0.36077470858456223,
          "binary_f1": 0.37211955281770476,
          "fnr": 0.4537843268586738,
          "per_class_f1": {
            "1": 0.6651420061695564,
            "2": 0.3870056497175141,
            "3": 0.29398148148148145,
            "4": 0.09696969696969697
          },
          "class_3_f1": 0.29398148148148145,
          "class_4_f1": 0.09696969696969697
        }
      },
      {
        "group": "A",
        "model_type": "RF",
        "config": "RF(n=500,d=6)",
        "n_estimators": 500,
        "max_depth": 6,
        "val": {
          "macro_f1": 0.3364904044922693,
          "binary_f1": 0.3971912901624229,
          "fnr": 0.3901110869091701,
          "per_class_f1": {
            "1": 0.6049657216972392,
            "2": 0.3192410605692046,
            "3": 0.21900489396411094,
            "4": 0.20274994173852248
          },
          "class_3_f1": 0.21900489396411094,
          "class_4_f1": 0.20274994173852248
        },
        "test": {
          "macro_f1": 0.3339958186961916,
          "binary_f1": 0.34337293911761996,
          "fnr": 0.37575351640991295,
          "per_class_f1": {
            "1": 0.6633089770354906,
            "2": 0.31548660084626234,
            "3": 0.21386285150468673,
            "4": 0.14332484539832666
          },
          "class_3_f1": 0.21386285150468673,
          "class_4_f1": 0.14332484539832666
        }
      },
      {
        "group": "A",
        "model_type": "RF",
        "config": "RF(n=500,d=8)",
        "n_estimators": 500,
        "max_depth": 8,
        "val": {
          "macro_f1": 0.3439088056282045,
          "binary_f1": 0.40214944448478684,
          "fnr": 0.39686342844696143,
          "per_class_f1": {
            "1": 0.5952725215314013,
            "2": 0.3350892732273554,
            "3": 0.2407958158137627,
            "4": 0.2044776119402985
          },
          "class_3_f1": 0.2407958158137627,
          "class_4_f1": 0.2044776119402985
        },
        "test": {
          "macro_f1": 0.3440686471351888,
          "binary_f1": 0.3538432049070347,
          "fnr": 0.38178164768921635,
          "per_class_f1": {
            "1": 0.6606449568180017,
            "2": 0.3393711367911852,
            "3": 0.23403988461056063,
            "4": 0.14221861032100772
          },
          "class_3_f1": 0.23403988461056063,
          "class_4_f1": 0.14221861032100772
        }
      },
      {
        "group": "A",
        "model_type": "RF",
        "config": "RF(n=500,d=10)",
        "n_estimators": 500,
        "max_depth": 10,
        "val": {
          "macro_f1": 0.3550936906037534,
          "binary_f1": 0.3984825493171472,
          "fnr": 0.42801132650838597,
          "per_class_f1": {
            "1": 0.5952118096079235,
            "2": 0.3507425630840067,
            "3": 0.2559280457890433,
            "4": 0.21849234393404005
          },
          "class_3_f1": 0.2559280457890433,
          "class_4_f1": 0.21849234393404005
        },
        "test": {
          "macro_f1": 0.35194121069201856,
          "binary_f1": 0.36223818678538905,
          "fnr": 0.40053583389149366,
          "per_class_f1": {
            "1": 0.6630253214901233,
            "2": 0.35930377123912144,
            "3": 0.2533100174868848,
            "4": 0.1321257325519446
          },
          "class_3_f1": 0.2533100174868848,
          "class_4_f1": 0.1321257325519446
        }
      },
      {
        "group": "A",
        "model_type": "RF",
        "config": "RF(n=500,d=20)",
        "n_estimators": 500,
        "max_depth": 20,
        "val": {
          "macro_f1": 0.38756943693266765,
          "binary_f1": 0.40151124849733816,
          "fnr": 0.49074275756915703,
          "per_class_f1": {
            "1": 0.599228434100683,
            "2": 0.38820163258436424,
            "3": 0.2880232076253626,
            "4": 0.2748244734202608
          },
          "class_3_f1": 0.2880232076253626,
          "class_4_f1": 0.2748244734202608
        },
        "test": {
          "macro_f1": 0.36211428112046556,
          "binary_f1": 0.3724343538585025,
          "fnr": 0.45612860013395845,
          "per_class_f1": {
            "1": 0.6677081954190388,
            "2": 0.3843064263322884,
            "3": 0.29502262443438915,
            "4": 0.10141987829614604
          },
          "class_3_f1": 0.29502262443438915,
          "class_4_f1": 0.10141987829614604
        }
      },
      {
        "group": "A",
        "model_type": "RF",
        "config": "RF(n=500,d=None)",
        "n_estimators": 500,
        "max_depth": null,
        "val": {
          "macro_f1": 0.38788314477824276,
          "binary_f1": 0.40205479452054793,
          "fnr": 0.48856458287954696,
          "per_class_f1": {
            "1": 0.6000885459490228,
            "2": 0.3888935704053257,
            "3": 0.2895899701983352,
            "4": 0.2729604925602873
          },
          "class_3_f1": 0.2895899701983352,
          "class_4_f1": 0.2729604925602873
        },
        "test": {
          "macro_f1": 0.36229448535046926,
          "binary_f1": 0.3741979835013749,
          "fnr": 0.4531145344943068,
          "per_class_f1": {
            "1": 0.6662771241135693,
            "2": 0.38766262242362226,
            "3": 0.2953401316638699,
            "4": 0.0998980632008155
          },
          "class_3_f1": 0.2953401316638699,
          "class_4_f1": 0.0998980632008155
        }
      },
      {
        "group": "A",
        "model_type": "RF",
        "config": "RF(n=600,d=6)",
        "n_estimators": 600,
        "max_depth": 6,
        "val": {
          "macro_f1": 0.336200432773255,
          "binary_f1": 0.3973922902494331,
          "fnr": 0.38923981703332605,
          "per_class_f1": {
            "1": 0.6037164146801471,
            "2": 0.31825470093775815,
            "3": 0.22022838499184338,
            "4": 0.20260223048327136
          },
          "class_3_f1": 0.22022838499184338,
          "class_4_f1": 0.20260223048327136
        },
        "test": {
          "macro_f1": 0.33326597565405774,
          "binary_f1": 0.34297292319027445,
          "fnr": 0.37642330877428,
          "per_class_f1": {
            "1": 0.6633095026874707,
            "2": 0.31448244722880686,
            "3": 0.2127764734956135,
            "4": 0.14249547920433997
          },
          "class_3_f1": 0.2127764734956135,
          "class_4_f1": 0.14249547920433997
        }
      },
      {
        "group": "A",
        "model_type": "RF",
        "config": "RF(n=600,d=8)",
        "n_estimators": 600,
        "max_depth": 8,
        "val": {
          "macro_f1": 0.34435501400635715,
          "binary_f1": 0.40311544620759937,
          "fnr": 0.39686342844696143,
          "per_class_f1": {
            "1": 0.5956457541390469,
            "2": 0.33521218614617787,
            "3": 0.2410998255873602,
            "4": 0.2054622901528439
          },
          "class_3_f1": 0.2410998255873602,
          "class_4_f1": 0.2054622901528439
        },
        "test": {
          "macro_f1": 0.34372165048094083,
          "binary_f1": 0.35399923459624955,
          "fnr": 0.3804420629604823,
          "per_class_f1": {
            "1": 0.66028910441056,
            "2": 0.338653339781826,
            "3": 0.23466200174934398,
            "4": 0.14128215598203347
          },
          "class_3_f1": 0.23466200174934398,
          "class_4_f1": 0.14128215598203347
        }
      },
      {
        "group": "A",
        "model_type": "RF",
        "config": "RF(n=600,d=10)",
        "n_estimators": 600,
        "max_depth": 10,
        "val": {
          "macro_f1": 0.35475214787091136,
          "binary_f1": 0.3987255348202094,
          "fnr": 0.42757569157046393,
          "per_class_f1": {
            "1": 0.5948213328287129,
            "2": 0.3512891136497043,
            "3": 0.25360761436905127,
            "4": 0.21929053063617707
          },
          "class_3_f1": 0.25360761436905127,
          "class_4_f1": 0.21929053063617707
        },
        "test": {
          "macro_f1": 0.35269214097822593,
          "binary_f1": 0.36302895322939865,
          "fnr": 0.39953114534494305,
          "per_class_f1": {
            "1": 0.6632209499575912,
            "2": 0.359349087893864,
            "3": 0.25493626593351665,
            "4": 0.13326226012793177
          },
          "class_3_f1": 0.25493626593351665,
          "class_4_f1": 0.13326226012793177
        }
      },
      {
        "group": "A",
        "model_type": "RF",
        "config": "RF(n=600,d=20)",
        "n_estimators": 600,
        "max_depth": 20,
        "val": {
          "macro_f1": 0.3884285473203113,
          "binary_f1": 0.40099434253385907,
          "fnr": 0.49052494010019604,
          "per_class_f1": {
            "1": 0.6009546992065248,
            "2": 0.38850739352066394,
            "3": 0.2868945574718579,
            "4": 0.2773575390821987
          },
          "class_3_f1": 0.2868945574718579,
          "class_4_f1": 0.2773575390821987
        },
        "test": {
          "macro_f1": 0.3620176910629363,
          "binary_f1": 0.37135643791599726,
          "fnr": 0.4581379772270596,
          "per_class_f1": {
            "1": 0.6678492004659536,
            "2": 0.38362068965517243,
            "3": 0.2932574090850265,
            "4": 0.1033434650455927
          },
          "class_3_f1": 0.2932574090850265,
          "class_4_f1": 0.1033434650455927
        }
      },
      {
        "group": "A",
        "model_type": "RF",
        "config": "RF(n=600,d=None)",
        "n_estimators": 600,
        "max_depth": null,
        "val": {
          "macro_f1": 0.3887453976284726,
          "binary_f1": 0.4010252029047416,
          "fnr": 0.48878240034850795,
          "per_class_f1": {
            "1": 0.5996961640714015,
            "2": 0.3882873393722351,
            "3": 0.2888523917060152,
            "4": 0.2781456953642384
          },
          "class_3_f1": 0.2888523917060152,
          "class_4_f1": 0.2781456953642384
        },
        "test": {
          "macro_f1": 0.36109449223551743,
          "binary_f1": 0.37414187643020597,
          "fnr": 0.45244474212993974,
          "per_class_f1": {
            "1": 0.6661352464461273,
            "2": 0.3877819457300141,
            "3": 0.29541945445187856,
            "4": 0.09504132231404959
          },
          "class_3_f1": 0.29541945445187856,
          "class_4_f1": 0.09504132231404959
        }
      },
      {
        "group": "B",
        "model_type": "ExtraTrees",
        "config": "ET(n=200,d=6)",
        "n_estimators": 200,
        "max_depth": 6,
        "val": {
          "macro_f1": 0.3292591388230084,
          "binary_f1": 0.3903289043781311,
          "fnr": 0.4145066434328033,
          "per_class_f1": {
            "1": 0.6344958563535912,
            "2": 0.28750472691912915,
            "3": 0.19116812351004656,
            "4": 0.20386784850926673
          },
          "class_3_f1": 0.19116812351004656,
          "class_4_f1": 0.20386784850926673
        },
        "test": {
          "macro_f1": 0.3123548824464175,
          "binary_f1": 0.33834231169076645,
          "fnr": 0.40053583389149366,
          "per_class_f1": {
            "1": 0.682287976152662,
            "2": 0.24918799532285307,
            "3": 0.19287703356294886,
            "4": 0.12506652474720595
          },
          "class_3_f1": 0.19287703356294886,
          "class_4_f1": 0.12506652474720595
        }
      },
      {
        "group": "B",
        "model_type": "ExtraTrees",
        "config": "ET(n=200,d=8)",
        "n_estimators": 200,
        "max_depth": 8,
        "val": {
          "macro_f1": 0.33310904140442427,
          "binary_f1": 0.39715292256812135,
          "fnr": 0.39838815072968853,
          "per_class_f1": {
            "1": 0.6233881200389507,
            "2": 0.2961846345773989,
            "3": 0.21324647122692725,
            "4": 0.19961693977442008
          },
          "class_3_f1": 0.21324647122692725,
          "class_4_f1": 0.19961693977442008
        },
        "test": {
          "macro_f1": 0.3202343110074548,
          "binary_f1": 0.3372017454275369,
          "fnr": 0.39182853315472205,
          "per_class_f1": {
            "1": 0.6719636776390465,
            "2": 0.28484774960572606,
            "3": 0.19059107358262967,
            "4": 0.13353474320241693
          },
          "class_3_f1": 0.19059107358262967,
          "class_4_f1": 0.13353474320241693
        }
      },
      {
        "group": "B",
        "model_type": "ExtraTrees",
        "config": "ET(n=200,d=10)",
        "n_estimators": 200,
        "max_depth": 10,
        "val": {
          "macro_f1": 0.3364508242502245,
          "binary_f1": 0.39858524613829943,
          "fnr": 0.3986059681986495,
          "per_class_f1": {
            "1": 0.6161810739224657,
            "2": 0.31095300130273573,
            "3": 0.22334597555836494,
            "4": 0.1953232462173315
          },
          "class_3_f1": 0.22334597555836494,
          "class_4_f1": 0.1953232462173315
        },
        "test": {
          "macro_f1": 0.32979733846647447,
          "binary_f1": 0.34180658474814746,
          "fnr": 0.3898191560616209,
          "per_class_f1": {
            "1": 0.6671642559324651,
            "2": 0.31161212400069016,
            "3": 0.2019255789747593,
            "4": 0.1384873949579832
          },
          "class_3_f1": 0.2019255789747593,
          "class_4_f1": 0.1384873949579832
        }
      },
      {
        "group": "B",
        "model_type": "ExtraTrees",
        "config": "ET(n=200,d=20)",
        "n_estimators": 200,
        "max_depth": 20,
        "val": {
          "macro_f1": 0.3746080945466116,
          "binary_f1": 0.40349611097746774,
          "fnr": 0.45197124809409717,
          "per_class_f1": {
            "1": 0.6067785047598375,
            "2": 0.365836171356874,
            "3": 0.27246906066139176,
            "4": 0.2533486414083429
          },
          "class_3_f1": 0.27246906066139176,
          "class_4_f1": 0.2533486414083429
        },
        "test": {
          "macro_f1": 0.3555114196485029,
          "binary_f1": 0.35793945831120555,
          "fnr": 0.43569993302076354,
          "per_class_f1": {
            "1": 0.6615781439174606,
            "2": 0.35951367157441133,
            "3": 0.253196607165464,
            "4": 0.14775725593667546
          },
          "class_3_f1": 0.253196607165464,
          "class_4_f1": 0.14775725593667546
        }
      },
      {
        "group": "B",
        "model_type": "ExtraTrees",
        "config": "ET(n=200,d=None)",
        "n_estimators": 200,
        "max_depth": null,
        "val": {
          "macro_f1": 0.3779886240944579,
          "binary_f1": 0.4063471290691968,
          "fnr": 0.45894140710084946,
          "per_class_f1": {
            "1": 0.6092171913359644,
            "2": 0.3752375060757368,
            "3": 0.2745259686727123,
            "4": 0.2529738302934179
          },
          "class_3_f1": 0.2745259686727123,
          "class_4_f1": 0.2529738302934179
        },
        "test": {
          "macro_f1": 0.3559153939114431,
          "binary_f1": 0.35981558914978024,
          "fnr": 0.43804420629604823,
          "per_class_f1": {
            "1": 0.6617732481385648,
            "2": 0.3632302928785341,
            "3": 0.2577137076378351,
            "4": 0.14094432699083861
          },
          "class_3_f1": 0.2577137076378351,
          "class_4_f1": 0.14094432699083861
        }
      },
      {
        "group": "B",
        "model_type": "ExtraTrees",
        "config": "ET(n=300,d=6)",
        "n_estimators": 300,
        "max_depth": 6,
        "val": {
          "macro_f1": 0.32770104047305054,
          "binary_f1": 0.39012309709374315,
          "fnr": 0.4166848181224134,
          "per_class_f1": {
            "1": 0.6342555389737115,
            "2": 0.28489411254942315,
            "3": 0.18827830458128642,
            "4": 0.20337620578778134
          },
          "class_3_f1": 0.18827830458128642,
          "class_4_f1": 0.20337620578778134
        },
        "test": {
          "macro_f1": 0.3125657971411984,
          "binary_f1": 0.33910820789548424,
          "fnr": 0.4002009377093101,
          "per_class_f1": {
            "1": 0.6837581795097177,
            "2": 0.24962621075212899,
            "3": 0.19254017396432258,
            "4": 0.12433862433862433
          },
          "class_3_f1": 0.19254017396432258,
          "class_4_f1": 0.12433862433862433
        }
      },
      {
        "group": "B",
        "model_type": "ExtraTrees",
        "config": "ET(n=300,d=8)",
        "n_estimators": 300,
        "max_depth": 8,
        "val": {
          "macro_f1": 0.3348264491474982,
          "binary_f1": 0.39661235914734805,
          "fnr": 0.39817033326072754,
          "per_class_f1": {
            "1": 0.6240099302518028,
            "2": 0.2976073078320444,
            "3": 0.2137968495382944,
            "4": 0.2038917089678511
          },
          "class_3_f1": 0.2137968495382944,
          "class_4_f1": 0.2038917089678511
        },
        "test": {
          "macro_f1": 0.3213715889896629,
          "binary_f1": 0.3377465049532451,
          "fnr": 0.38914936369725384,
          "per_class_f1": {
            "1": 0.6718220874399797,
            "2": 0.28733893896316015,
            "3": 0.1926322839919625,
            "4": 0.13369304556354916
          },
          "class_3_f1": 0.1926322839919625,
          "class_4_f1": 0.13369304556354916
        }
      },
      {
        "group": "B",
        "model_type": "ExtraTrees",
        "config": "ET(n=300,d=10)",
        "n_estimators": 300,
        "max_depth": 10,
        "val": {
          "macro_f1": 0.3378381747875587,
          "binary_f1": 0.39829220638251683,
          "fnr": 0.40056632541929865,
          "per_class_f1": {
            "1": 0.6168196178727245,
            "2": 0.3122810529476529,
            "3": 0.22339750370213665,
            "4": 0.1988545246277205
          },
          "class_3_f1": 0.22339750370213665,
          "class_4_f1": 0.1988545246277205
        },
        "test": {
          "macro_f1": 0.32960853798437423,
          "binary_f1": 0.3418803418803419,
          "fnr": 0.39048894842598797,
          "per_class_f1": {
            "1": 0.668552036199095,
            "2": 0.3119995391439599,
            "3": 0.20258451899229865,
            "4": 0.13529805760214333
          },
          "class_3_f1": 0.20258451899229865,
          "class_4_f1": 0.13529805760214333
        }
      },
      {
        "group": "B",
        "model_type": "ExtraTrees",
        "config": "ET(n=300,d=20)",
        "n_estimators": 300,
        "max_depth": 20,
        "val": {
          "macro_f1": 0.37714458421164526,
          "binary_f1": 0.4063706563706564,
          "fnr": 0.44979307340448704,
          "per_class_f1": {
            "1": 0.6071948687757568,
            "2": 0.36657561237741254,
            "3": 0.2773365913255956,
            "4": 0.2574712643678161
          },
          "class_3_f1": 0.2773365913255956,
          "class_4_f1": 0.2574712643678161
        },
        "test": {
          "macro_f1": 0.3550119553816287,
          "binary_f1": 0.3573694227109325,
          "fnr": 0.43402545210984594,
          "per_class_f1": {
            "1": 0.6617592933382407,
            "2": 0.3579305369473359,
            "3": 0.25427565392354123,
            "4": 0.1460823373173971
          },
          "class_3_f1": 0.25427565392354123,
          "class_4_f1": 0.1460823373173971
        }
      },
      {
        "group": "B",
        "model_type": "ExtraTrees",
        "config": "ET(n=300,d=None)",
        "n_estimators": 300,
        "max_depth": null,
        "val": {
          "macro_f1": 0.3772678469431533,
          "binary_f1": 0.4072804440091414,
          "fnr": 0.45654541494227835,
          "per_class_f1": {
            "1": 0.6072708015326626,
            "2": 0.37543534805801704,
            "3": 0.2749641172852163,
            "4": 0.2514011208967174
          },
          "class_3_f1": 0.2749641172852163,
          "class_4_f1": 0.2514011208967174
        },
        "test": {
          "macro_f1": 0.35695787017627245,
          "binary_f1": 0.3605464128213402,
          "fnr": 0.43871399866041527,
          "per_class_f1": {
            "1": 0.6614730504132886,
            "2": 0.36386665315634814,
            "3": 0.2607594936708861,
            "4": 0.14173228346456693
          },
          "class_3_f1": 0.2607594936708861,
          "class_4_f1": 0.14173228346456693
        }
      },
      {
        "group": "B",
        "model_type": "ExtraTrees",
        "config": "ET(n=500,d=6)",
        "n_estimators": 500,
        "max_depth": 6,
        "val": {
          "macro_f1": 0.32659034828332134,
          "binary_f1": 0.388616006934412,
          "fnr": 0.41407100849488127,
          "per_class_f1": {
            "1": 0.6342260709984515,
            "2": 0.2820176875204717,
            "3": 0.1875708777500567,
            "4": 0.20254675686430562
          },
          "class_3_f1": 0.1875708777500567,
          "class_4_f1": 0.20254675686430562
        },
        "test": {
          "macro_f1": 0.3113493284545555,
          "binary_f1": 0.33714821763602254,
          "fnr": 0.398191560616209,
          "per_class_f1": {
            "1": 0.6828530294526732,
            "2": 0.24585544852892996,
            "3": 0.19328347264994866,
            "4": 0.12340536318667014
          },
          "class_3_f1": 0.19328347264994866,
          "class_4_f1": 0.12340536318667014
        }
      },
      {
        "group": "B",
        "model_type": "ExtraTrees",
        "config": "ET(n=500,d=8)",
        "n_estimators": 500,
        "max_depth": 8,
        "val": {
          "macro_f1": 0.33408725465573946,
          "binary_f1": 0.3969816744520302,
          "fnr": 0.39838815072968853,
          "per_class_f1": {
            "1": 0.6246350741647253,
            "2": 0.29578344612181157,
            "3": 0.21381185426862426,
            "4": 0.20211864406779662
          },
          "class_3_f1": 0.21381185426862426,
          "class_4_f1": 0.20211864406779662
        },
        "test": {
          "macro_f1": 0.31933623029268715,
          "binary_f1": 0.3382899628252788,
          "fnr": 0.39048894842598797,
          "per_class_f1": {
            "1": 0.6712870788074297,
            "2": 0.28075077446394947,
            "3": 0.1921727395411606,
            "4": 0.13313432835820896
          },
          "class_3_f1": 0.1921727395411606,
          "class_4_f1": 0.13313432835820896
        }
      },
      {
        "group": "B",
        "model_type": "ExtraTrees",
        "config": "ET(n=500,d=10)",
        "n_estimators": 500,
        "max_depth": 10,
        "val": {
          "macro_f1": 0.33728447270714385,
          "binary_f1": 0.3995389381168504,
          "fnr": 0.3959921585711174,
          "per_class_f1": {
            "1": 0.6174996247936365,
            "2": 0.307258064516129,
            "3": 0.22626050420168067,
            "4": 0.1981196973171291
          },
          "class_3_f1": 0.22626050420168067,
          "class_4_f1": 0.1981196973171291
        },
        "test": {
          "macro_f1": 0.32965875369499087,
          "binary_f1": 0.3410241980866629,
          "fnr": 0.391158740790355,
          "per_class_f1": {
            "1": 0.6695940220322009,
            "2": 0.310111580042782,
            "3": 0.2023670178176616,
            "4": 0.1365623948873192
          },
          "class_3_f1": 0.2023670178176616,
          "class_4_f1": 0.1365623948873192
        }
      },
      {
        "group": "B",
        "model_type": "ExtraTrees",
        "config": "ET(n=500,d=20)",
        "n_estimators": 500,
        "max_depth": 20,
        "val": {
          "macro_f1": 0.37536148104756795,
          "binary_f1": 0.40540540540540543,
          "fnr": 0.4510999782182531,
          "per_class_f1": {
            "1": 0.6079608765630804,
            "2": 0.365805525654826,
            "3": 0.27267181781211874,
            "4": 0.25500770416024654
          },
          "class_3_f1": 0.27267181781211874,
          "class_4_f1": 0.25500770416024654
        },
        "test": {
          "macro_f1": 0.35466079868729183,
          "binary_f1": 0.3577631857657276,
          "fnr": 0.43436034829202946,
          "per_class_f1": {
            "1": 0.6640397194420364,
            "2": 0.36012994379415253,
            "3": 0.25465994962216626,
            "4": 0.13981358189081225
          },
          "class_3_f1": 0.25465994962216626,
          "class_4_f1": 0.13981358189081225
        }
      },
      {
        "group": "B",
        "model_type": "ExtraTrees",
        "config": "ET(n=500,d=None)",
        "n_estimators": 500,
        "max_depth": null,
        "val": {
          "macro_f1": 0.37702767818124466,
          "binary_f1": 0.4063419418110494,
          "fnr": 0.4585057721629275,
          "per_class_f1": {
            "1": 0.6054874634480184,
            "2": 0.37167829080957004,
            "3": 0.27280163599182006,
            "4": 0.25814332247557004
          },
          "class_3_f1": 0.27280163599182006,
          "class_4_f1": 0.25814332247557004
        },
        "test": {
          "macro_f1": 0.3569775255020143,
          "binary_f1": 0.35809935205183585,
          "fnr": 0.4447421299397187,
          "per_class_f1": {
            "1": 0.6633814693791504,
            "2": 0.3653904742561186,
            "3": 0.2565864833906071,
            "4": 0.14255167498218105
          },
          "class_3_f1": 0.2565864833906071,
          "class_4_f1": 0.14255167498218105
        }
      },
      {
        "group": "B",
        "model_type": "ExtraTrees",
        "config": "ET(n=600,d=6)",
        "n_estimators": 600,
        "max_depth": 6,
        "val": {
          "macro_f1": 0.3258637906896372,
          "binary_f1": 0.38927823134166606,
          "fnr": 0.41319973861903725,
          "per_class_f1": {
            "1": 0.6355450101483663,
            "2": 0.27736905676951795,
            "3": 0.18871352333371183,
            "4": 0.2018275725069527
          },
          "class_3_f1": 0.18871352333371183,
          "class_4_f1": 0.2018275725069527
        },
        "test": {
          "macro_f1": 0.31120347912669044,
          "binary_f1": 0.33654836595186816,
          "fnr": 0.398191560616209,
          "per_class_f1": {
            "1": 0.6839128102599112,
            "2": 0.24590702873298706,
            "3": 0.1925556858147714,
            "4": 0.12243839169909208
          },
          "class_3_f1": 0.1925556858147714,
          "class_4_f1": 0.12243839169909208
        }
      },
      {
        "group": "B",
        "model_type": "ExtraTrees",
        "config": "ET(n=600,d=8)",
        "n_estimators": 600,
        "max_depth": 8,
        "val": {
          "macro_f1": 0.33324082760489815,
          "binary_f1": 0.3967820715414452,
          "fnr": 0.39838815072968853,
          "per_class_f1": {
            "1": 0.6251508995082884,
            "2": 0.29450159260613024,
            "3": 0.2130987292277615,
            "4": 0.2002120890774125
          },
          "class_3_f1": 0.2130987292277615,
          "class_4_f1": 0.2002120890774125
        },
        "test": {
          "macro_f1": 0.3204057686044414,
          "binary_f1": 0.3387967964239151,
          "fnr": 0.3908238446081715,
          "per_class_f1": {
            "1": 0.6722943177522993,
            "2": 0.2822986831725226,
            "3": 0.19369674015961044,
            "4": 0.13333333333333333
          },
          "class_3_f1": 0.19369674015961044,
          "class_4_f1": 0.13333333333333333
        }
      },
      {
        "group": "B",
        "model_type": "ExtraTrees",
        "config": "ET(n=600,d=10)",
        "n_estimators": 600,
        "max_depth": 10,
        "val": {
          "macro_f1": 0.3378200500260172,
          "binary_f1": 0.3990782746453518,
          "fnr": 0.39642779350903945,
          "per_class_f1": {
            "1": 0.6175491225438728,
            "2": 0.30655092358938124,
            "3": 0.22773417059131346,
            "4": 0.1994459833795014
          },
          "class_3_f1": 0.22773417059131346,
          "class_4_f1": 0.1994459833795014
        },
        "test": {
          "macro_f1": 0.32892727153339457,
          "binary_f1": 0.340632603406326,
          "fnr": 0.39048894842598797,
          "per_class_f1": {
            "1": 0.6695587442564879,
            "2": 0.3075496842227244,
            "3": 0.2013457556935818,
            "4": 0.13725490196078433
          },
          "class_3_f1": 0.2013457556935818,
          "class_4_f1": 0.13725490196078433
        }
      },
      {
        "group": "B",
        "model_type": "ExtraTrees",
        "config": "ET(n=600,d=20)",
        "n_estimators": 600,
        "max_depth": 20,
        "val": {
          "macro_f1": 0.3745559811994509,
          "binary_f1": 0.40380124023516145,
          "fnr": 0.45393160531474624,
          "per_class_f1": {
            "1": 0.6080763037284777,
            "2": 0.3651184664307789,
            "3": 0.2706230243703477,
            "4": 0.25440613026819925
          },
          "class_3_f1": 0.2706230243703477,
          "class_4_f1": 0.25440613026819925
        },
        "test": {
          "macro_f1": 0.3546544323627372,
          "binary_f1": 0.3588927776010181,
          "fnr": 0.4333556597454789,
          "per_class_f1": {
            "1": 0.6643916524478278,
            "2": 0.3597894519558262,
            "3": 0.25576995838062805,
            "4": 0.13866666666666666
          },
          "class_3_f1": 0.25576995838062805,
          "class_4_f1": 0.13866666666666666
        }
      },
      {
        "group": "B",
        "model_type": "ExtraTrees",
        "config": "ET(n=600,d=None)",
        "n_estimators": 600,
        "max_depth": null,
        "val": {
          "macro_f1": 0.37625947739630694,
          "binary_f1": 0.4056001309972163,
          "fnr": 0.46046612938357656,
          "per_class_f1": {
            "1": 0.6055097276264592,
            "2": 0.3732651892320571,
            "3": 0.2725496246014604,
            "4": 0.2537133681252509
          },
          "class_3_f1": 0.2725496246014604,
          "class_4_f1": 0.2537133681252509
        },
        "test": {
          "macro_f1": 0.35783982305667783,
          "binary_f1": 0.3602069411511101,
          "fnr": 0.44038847957133287,
          "per_class_f1": {
            "1": 0.6640299530664979,
            "2": 0.36694080617321556,
            "3": 0.2593813387423935,
            "4": 0.1410071942446043
          },
          "class_3_f1": 0.2593813387423935,
          "class_4_f1": 0.1410071942446043
        }
      },
      {
        "group": "C",
        "model_type": "XGBoost",
        "config": "XGB(n=300,d=6,lr=0.05)",
        "n_estimators": 300,
        "max_depth": 6,
        "learning_rate": 0.05,
        "val": {
          "macro_f1": 0.343380222762929,
          "binary_f1": 0.3819916062571538,
          "fnr": 0.45480287519059026,
          "per_class_f1": {
            "1": 0.5939923400753332,
            "2": 0.34604709463694155,
            "3": 0.23891779396462018,
            "4": 0.19456366237482117
          },
          "class_3_f1": 0.23891779396462018,
          "class_4_f1": 0.19456366237482117
        },
        "test": {
          "macro_f1": 0.34870544790696006,
          "binary_f1": 0.3566206336311942,
          "fnr": 0.41192230408573344,
          "per_class_f1": {
            "1": 0.6641996193698456,
            "2": 0.36583081885339713,
            "3": 0.2555598405964777,
            "4": 0.10923151280811987
          },
          "class_3_f1": 0.2555598405964777,
          "class_4_f1": 0.10923151280811987
        }
      },
      {
        "group": "C",
        "model_type": "XGBoost",
        "config": "XGB(n=300,d=6,lr=0.1)",
        "n_estimators": 300,
        "max_depth": 6,
        "learning_rate": 0.1,
        "val": {
          "macro_f1": 0.3463959151292167,
          "binary_f1": 0.3851335656213705,
          "fnr": 0.45828795469396644,
          "per_class_f1": {
            "1": 0.5941486323538745,
            "2": 0.35210333082673506,
            "3": 0.24510920194596833,
            "4": 0.19422249539028888
          },
          "class_3_f1": 0.24510920194596833,
          "class_4_f1": 0.19422249539028888
        },
        "test": {
          "macro_f1": 0.35687749329558033,
          "binary_f1": 0.35880057506674884,
          "fnr": 0.4149363697253851,
          "per_class_f1": {
            "1": 0.6640581330352152,
            "2": 0.38060729778004593,
            "3": 0.2626956853760977,
            "4": 0.12014885699096226
          },
          "class_3_f1": 0.2626956853760977,
          "class_4_f1": 0.12014885699096226
        }
      },
      {
        "group": "C",
        "model_type": "XGBoost",
        "config": "XGB(n=300,d=8,lr=0.05)",
        "n_estimators": 300,
        "max_depth": 8,
        "learning_rate": 0.05,
        "val": {
          "macro_f1": 0.3601424643543425,
          "binary_f1": 0.382797808846374,
          "fnr": 0.490089305162274,
          "per_class_f1": {
            "1": 0.5989112992039268,
            "2": 0.36501042390548993,
            "3": 0.2578246048961884,
            "4": 0.2188235294117647
          },
          "class_3_f1": 0.2578246048961884,
          "class_4_f1": 0.2188235294117647
        },
        "test": {
          "macro_f1": 0.366178690717876,
          "binary_f1": 0.3608363309352518,
          "fnr": 0.46249162759544543,
          "per_class_f1": {
            "1": 0.6666312659303314,
            "2": 0.3946514600334284,
            "3": 0.2752269087026161,
            "4": 0.1282051282051282
          },
          "class_3_f1": 0.2752269087026161,
          "class_4_f1": 0.1282051282051282
        }
      },
      {
        "group": "C",
        "model_type": "XGBoost",
        "config": "XGB(n=300,d=8,lr=0.1)",
        "n_estimators": 300,
        "max_depth": 8,
        "learning_rate": 0.1,
        "val": {
          "macro_f1": 0.35743995981429766,
          "binary_f1": 0.37705719406876326,
          "fnr": 0.4959703768242213,
          "per_class_f1": {
            "1": 0.5980624191359778,
            "2": 0.3647553417414294,
            "3": 0.25504188644120385,
            "4": 0.21190019193857965
          },
          "class_3_f1": 0.25504188644120385,
          "class_4_f1": 0.21190019193857965
        },
        "test": {
          "macro_f1": 0.3662337377491051,
          "binary_f1": 0.36408419167039857,
          "fnr": 0.4554588077695914,
          "per_class_f1": {
            "1": 0.6651294691367841,
            "2": 0.39290478778595783,
            "3": 0.28190069407367857,
            "4": 0.125
          },
          "class_3_f1": 0.28190069407367857,
          "class_4_f1": 0.125
        }
      },
      {
        "group": "C",
        "model_type": "XGBoost",
        "config": "XGB(n=300,d=10,lr=0.05)",
        "n_estimators": 300,
        "max_depth": 10,
        "learning_rate": 0.05,
        "val": {
          "macro_f1": 0.3643932250156527,
          "binary_f1": 0.37978213507625275,
          "fnr": 0.5253757351339577,
          "per_class_f1": {
            "1": 0.6017158009670878,
            "2": 0.3793924955330554,
            "3": 0.2625507370220038,
            "4": 0.2139138665404638
          },
          "class_3_f1": 0.2625507370220038,
          "class_4_f1": 0.2139138665404638
        },
        "test": {
          "macro_f1": 0.3723276523002744,
          "binary_f1": 0.3680666095261418,
          "fnr": 0.49665103817816475,
          "per_class_f1": {
            "1": 0.6722389624001048,
            "2": 0.39572192513368987,
            "3": 0.2952071256892408,
            "4": 0.12614259597806216
          },
          "class_3_f1": 0.2952071256892408,
          "class_4_f1": 0.12614259597806216
        }
      },
      {
        "group": "C",
        "model_type": "XGBoost",
        "config": "XGB(n=300,d=10,lr=0.1)",
        "n_estimators": 300,
        "max_depth": 10,
        "learning_rate": 0.1,
        "val": {
          "macro_f1": 0.366693815926608,
          "binary_f1": 0.37734845799361927,
          "fnr": 0.5362666085820083,
          "per_class_f1": {
            "1": 0.6050949455894734,
            "2": 0.38309193023943244,
            "3": 0.2673277999353239,
            "4": 0.2112605879422023
          },
          "class_3_f1": 0.2673277999353239,
          "class_4_f1": 0.2112605879422023
        },
        "test": {
          "macro_f1": 0.36901820488108966,
          "binary_f1": 0.3684733963202387,
          "fnr": 0.5036838580040187,
          "per_class_f1": {
            "1": 0.6704491725768321,
            "2": 0.3989801808735809,
            "3": 0.29489009420496715,
            "4": 0.11175337186897881
          },
          "class_3_f1": 0.29489009420496715,
          "class_4_f1": 0.11175337186897881
        }
      },
      {
        "group": "C",
        "model_type": "XGBoost",
        "config": "XGB(n=500,d=6,lr=0.05)",
        "n_estimators": 500,
        "max_depth": 6,
        "learning_rate": 0.05,
        "val": {
          "macro_f1": 0.343380222762929,
          "binary_f1": 0.3819916062571538,
          "fnr": 0.45480287519059026,
          "per_class_f1": {
            "1": 0.5939923400753332,
            "2": 0.34604709463694155,
            "3": 0.23891779396462018,
            "4": 0.19456366237482117
          },
          "class_3_f1": 0.23891779396462018,
          "class_4_f1": 0.19456366237482117
        },
        "test": {
          "macro_f1": 0.34870544790696006,
          "binary_f1": 0.3566206336311942,
          "fnr": 0.41192230408573344,
          "per_class_f1": {
            "1": 0.6641996193698456,
            "2": 0.36583081885339713,
            "3": 0.2555598405964777,
            "4": 0.10923151280811987
          },
          "class_3_f1": 0.2555598405964777,
          "class_4_f1": 0.10923151280811987
        }
      },
      {
        "group": "C",
        "model_type": "XGBoost",
        "config": "XGB(n=500,d=6,lr=0.1)",
        "n_estimators": 500,
        "max_depth": 6,
        "learning_rate": 0.1,
        "val": {
          "macro_f1": 0.3463959151292167,
          "binary_f1": 0.3851335656213705,
          "fnr": 0.45828795469396644,
          "per_class_f1": {
            "1": 0.5941486323538745,
            "2": 0.35210333082673506,
            "3": 0.24510920194596833,
            "4": 0.19422249539028888
          },
          "class_3_f1": 0.24510920194596833,
          "class_4_f1": 0.19422249539028888
        },
        "test": {
          "macro_f1": 0.35687749329558033,
          "binary_f1": 0.35880057506674884,
          "fnr": 0.4149363697253851,
          "per_class_f1": {
            "1": 0.6640581330352152,
            "2": 0.38060729778004593,
            "3": 0.2626956853760977,
            "4": 0.12014885699096226
          },
          "class_3_f1": 0.2626956853760977,
          "class_4_f1": 0.12014885699096226
        }
      },
      {
        "group": "C",
        "model_type": "XGBoost",
        "config": "XGB(n=500,d=8,lr=0.05)",
        "n_estimators": 500,
        "max_depth": 8,
        "learning_rate": 0.05,
        "val": {
          "macro_f1": 0.3601424643543425,
          "binary_f1": 0.382797808846374,
          "fnr": 0.490089305162274,
          "per_class_f1": {
            "1": 0.5989112992039268,
            "2": 0.36501042390548993,
            "3": 0.2578246048961884,
            "4": 0.2188235294117647
          },
          "class_3_f1": 0.2578246048961884,
          "class_4_f1": 0.2188235294117647
        },
        "test": {
          "macro_f1": 0.366178690717876,
          "binary_f1": 0.3608363309352518,
          "fnr": 0.46249162759544543,
          "per_class_f1": {
            "1": 0.6666312659303314,
            "2": 0.3946514600334284,
            "3": 0.2752269087026161,
            "4": 0.1282051282051282
          },
          "class_3_f1": 0.2752269087026161,
          "class_4_f1": 0.1282051282051282
        }
      },
      {
        "group": "C",
        "model_type": "XGBoost",
        "config": "XGB(n=500,d=8,lr=0.1)",
        "n_estimators": 500,
        "max_depth": 8,
        "learning_rate": 0.1,
        "val": {
          "macro_f1": 0.35743995981429766,
          "binary_f1": 0.37705719406876326,
          "fnr": 0.4959703768242213,
          "per_class_f1": {
            "1": 0.5980624191359778,
            "2": 0.3647553417414294,
            "3": 0.25504188644120385,
            "4": 0.21190019193857965
          },
          "class_3_f1": 0.25504188644120385,
          "class_4_f1": 0.21190019193857965
        },
        "test": {
          "macro_f1": 0.3662337377491051,
          "binary_f1": 0.36408419167039857,
          "fnr": 0.4554588077695914,
          "per_class_f1": {
            "1": 0.6651294691367841,
            "2": 0.39290478778595783,
            "3": 0.28190069407367857,
            "4": 0.125
          },
          "class_3_f1": 0.28190069407367857,
          "class_4_f1": 0.125
        }
      },
      {
        "group": "C",
        "model_type": "XGBoost",
        "config": "XGB(n=500,d=10,lr=0.05)",
        "n_estimators": 500,
        "max_depth": 10,
        "learning_rate": 0.05,
        "val": {
          "macro_f1": 0.3643932250156527,
          "binary_f1": 0.37978213507625275,
          "fnr": 0.5253757351339577,
          "per_class_f1": {
            "1": 0.6017158009670878,
            "2": 0.3793924955330554,
            "3": 0.2625507370220038,
            "4": 0.2139138665404638
          },
          "class_3_f1": 0.2625507370220038,
          "class_4_f1": 0.2139138665404638
        },
        "test": {
          "macro_f1": 0.3723276523002744,
          "binary_f1": 0.3680666095261418,
          "fnr": 0.49665103817816475,
          "per_class_f1": {
            "1": 0.6722389624001048,
            "2": 0.39572192513368987,
            "3": 0.2952071256892408,
            "4": 0.12614259597806216
          },
          "class_3_f1": 0.2952071256892408,
          "class_4_f1": 0.12614259597806216
        }
      },
      {
        "group": "C",
        "model_type": "XGBoost",
        "config": "XGB(n=500,d=10,lr=0.1)",
        "n_estimators": 500,
        "max_depth": 10,
        "learning_rate": 0.1,
        "val": {
          "macro_f1": 0.366693815926608,
          "binary_f1": 0.37734845799361927,
          "fnr": 0.5362666085820083,
          "per_class_f1": {
            "1": 0.6050949455894734,
            "2": 0.38309193023943244,
            "3": 0.2673277999353239,
            "4": 0.2112605879422023
          },
          "class_3_f1": 0.2673277999353239,
          "class_4_f1": 0.2112605879422023
        },
        "test": {
          "macro_f1": 0.36901820488108966,
          "binary_f1": 0.3684733963202387,
          "fnr": 0.5036838580040187,
          "per_class_f1": {
            "1": 0.6704491725768321,
            "2": 0.3989801808735809,
            "3": 0.29489009420496715,
            "4": 0.11175337186897881
          },
          "class_3_f1": 0.29489009420496715,
          "class_4_f1": 0.11175337186897881
        }
      },
      {
        "group": "D",
        "model_type": "RF",
        "config": "RF(cw=none)",
        "class_weight": "none",
        "val": {
          "macro_f1": 0.3392916933312082,
          "binary_f1": 0.3130434782608696,
          "fnr": 0.7686778479634067,
          "per_class_f1": {
            "1": 0.6098251662152179,
            "2": 0.4605410078161582,
            "3": 0.2492066143310506,
            "4": 0.03759398496240601
          },
          "class_3_f1": 0.2492066143310506,
          "class_4_f1": 0.03759398496240601
        },
        "test": {
          "macro_f1": 0.3557937040686258,
          "binary_f1": 0.33197337341636246,
          "fnr": 0.7411252511721367,
          "per_class_f1": {
            "1": 0.6847236155053116,
            "2": 0.4271653543307087,
            "3": 0.3112858464384829,
            "4": 0.0
          },
          "class_3_f1": 0.3112858464384829,
          "class_4_f1": 0.0
        }
      },
      {
        "group": "D",
        "model_type": "RF",
        "config": "RF(cw=balanced)",
        "class_weight": "balanced",
        "val": {
          "macro_f1": 0.38958603679458353,
          "binary_f1": 0.4022841557998807,
          "fnr": 0.4859507732520148,
          "per_class_f1": {
            "1": 0.599360698800519,
            "2": 0.3882561376866616,
            "3": 0.2914665304036791,
            "4": 0.2792607802874743
          },
          "class_3_f1": 0.2914665304036791,
          "class_4_f1": 0.2792607802874743
        },
        "test": {
          "macro_f1": 0.36077470858456223,
          "binary_f1": 0.37211955281770476,
          "fnr": 0.4537843268586738,
          "per_class_f1": {
            "1": 0.6651420061695564,
            "2": 0.3870056497175141,
            "3": 0.29398148148148145,
            "4": 0.09696969696969697
          },
          "class_3_f1": 0.29398148148148145,
          "class_4_f1": 0.09696969696969697
        }
      },
      {
        "group": "D",
        "model_type": "RF",
        "config": "RF(cw=1:3)",
        "class_weight": "1:3",
        "val": {
          "macro_f1": 0.34506404336068935,
          "binary_f1": 0.3981400755594304,
          "fnr": 0.5523851012851231,
          "per_class_f1": {
            "1": 0.6109124537607892,
            "2": 0.3979730564825114,
            "3": 0.31485960668840046,
            "4": 0.056511056511056514
          },
          "class_3_f1": 0.31485960668840046,
          "class_4_f1": 0.056511056511056514
        },
        "test": {
          "macro_f1": 0.35376576293042405,
          "binary_f1": 0.3849281648143128,
          "fnr": 0.5244474212993971,
          "per_class_f1": {
            "1": 0.682397992186085,
            "2": 0.3953053892215569,
            "3": 0.3373596703140543,
            "4": 0.0
          },
          "class_3_f1": 0.3373596703140543,
          "class_4_f1": 0.0
        }
      },
      {
        "group": "D",
        "model_type": "RF",
        "config": "RF(cw=1:5)",
        "class_weight": "1:5",
        "val": {
          "macro_f1": 0.3371678615432748,
          "binary_f1": 0.3978269305393869,
          "fnr": 0.44173382705292963,
          "per_class_f1": {
            "1": 0.6112096598512433,
            "2": 0.35371060041783997,
            "3": 0.3229978444702371,
            "4": 0.060753341433778855
          },
          "class_3_f1": 0.3229978444702371,
          "class_4_f1": 0.060753341433778855
        },
        "test": {
          "macro_f1": 0.33856986411734935,
          "binary_f1": 0.3632982021078735,
          "fnr": 0.4112525117213664,
          "per_class_f1": {
            "1": 0.6751312798808684,
            "2": 0.3611125771890009,
            "3": 0.3180355993995282,
            "4": 0.0
          },
          "class_3_f1": 0.3180355993995282,
          "class_4_f1": 0.0
        }
      },
      {
        "group": "D",
        "model_type": "RF",
        "config": "RF(cw=1:10)",
        "class_weight": "1:10",
        "val": {
          "macro_f1": 0.3120642434306905,
          "binary_f1": 0.37385347730175317,
          "fnr": 0.29862774994554564,
          "per_class_f1": {
            "1": 0.5968815303005948,
            "2": 0.26399358460304734,
            "3": 0.3083399426514551,
            "4": 0.07904191616766468
          },
          "class_3_f1": 0.3083399426514551,
          "class_4_f1": 0.07904191616766468
        },
        "test": {
          "macro_f1": 0.3117080228939657,
          "binary_f1": 0.3179426369228489,
          "fnr": 0.2816476892163429,
          "per_class_f1": {
            "1": 0.6497901719236496,
            "2": 0.30763627534296467,
            "3": 0.27859483349843783,
            "4": 0.010810810810810811
          },
          "class_3_f1": 0.27859483349843783,
          "class_4_f1": 0.010810810810810811
        }
      },
      {
        "group": "E",
        "model_type": "RF-Ensemble",
        "config": "Ensemble(top=1)",
        "top_k": 1,
        "val": {
          "macro_f1": 0.3662076244508401,
          "binary_f1": 0.39538376412931786,
          "fnr": 0.4552385101285123,
          "per_class_f1": {
            "1": 0.59994340156589,
            "2": 0.3614383137011779,
            "3": 0.2644191714053615,
            "4": 0.23902961113093116
          },
          "class_3_f1": 0.2644191714053615,
          "class_4_f1": 0.23902961113093116
        },
        "test": {
          "macro_f1": 0.36100512731387824,
          "binary_f1": 0.3702444208289054,
          "fnr": 0.41661085063630277,
          "per_class_f1": {
            "1": 0.6656235081949823,
            "2": 0.3741029010411402,
            "3": 0.28035043804755944,
            "4": 0.12394366197183099
          },
          "class_3_f1": 0.28035043804755944,
          "class_4_f1": 0.12394366197183099
        }
      },
      {
        "group": "E",
        "model_type": "RF-Ensemble",
        "config": "Ensemble(top=3)",
        "top_k": 3,
        "val": {
          "macro_f1": 0.36702327390707223,
          "binary_f1": 0.3974653465346535,
          "fnr": 0.4534959703768242,
          "per_class_f1": {
            "1": 0.5975655903128153,
            "2": 0.3632759152385568,
            "3": 0.2660708845333604,
            "4": 0.24118070554355653
          },
          "class_3_f1": 0.2660708845333604,
          "class_4_f1": 0.24118070554355653
        },
        "test": {
          "macro_f1": 0.359932547638983,
          "binary_f1": 0.371649539146096,
          "fnr": 0.4125920964501005,
          "per_class_f1": {
            "1": 0.6660300787777512,
            "2": 0.3745572310494889,
            "3": 0.28083302157376233,
            "4": 0.11830985915492957
          },
          "class_3_f1": 0.28083302157376233,
          "class_4_f1": 0.11830985915492957
        }
      },
      {
        "group": "E",
        "model_type": "RF-Ensemble",
        "config": "Ensemble(top=5)",
        "top_k": 5,
        "val": {
          "macro_f1": 0.36702327390707223,
          "binary_f1": 0.3974653465346535,
          "fnr": 0.4534959703768242,
          "per_class_f1": {
            "1": 0.5975655903128153,
            "2": 0.3632759152385568,
            "3": 0.2660708845333604,
            "4": 0.24118070554355653
          },
          "class_3_f1": 0.2660708845333604,
          "class_4_f1": 0.24118070554355653
        },
        "test": {
          "macro_f1": 0.359932547638983,
          "binary_f1": 0.371649539146096,
          "fnr": 0.4125920964501005,
          "per_class_f1": {
            "1": 0.6660300787777512,
            "2": 0.3745572310494889,
            "3": 0.28083302157376233,
            "4": 0.11830985915492957
          },
          "class_3_f1": 0.28083302157376233,
          "class_4_f1": 0.11830985915492957
        }
      },
      {
        "group": "E",
        "model_type": "RF-Ensemble",
        "config": "Ensemble(top=7)",
        "top_k": 7,
        "val": {
          "macro_f1": 0.36702327390707223,
          "binary_f1": 0.3974653465346535,
          "fnr": 0.4534959703768242,
          "per_class_f1": {
            "1": 0.5975655903128153,
            "2": 0.3632759152385568,
            "3": 0.2660708845333604,
            "4": 0.24118070554355653
          },
          "class_3_f1": 0.2660708845333604,
          "class_4_f1": 0.24118070554355653
        },
        "test": {
          "macro_f1": 0.359932547638983,
          "binary_f1": 0.371649539146096,
          "fnr": 0.4125920964501005,
          "per_class_f1": {
            "1": 0.6660300787777512,
            "2": 0.3745572310494889,
            "3": 0.28083302157376233,
            "4": 0.11830985915492957
          },
          "class_3_f1": 0.28083302157376233,
          "class_4_f1": 0.11830985915492957
        }
      },
      {
        "group": "F",
        "model_type": "Threshold",
        "config": "Thresh(0.20)",
        "threshold": 0.2,
        "val": {
          "macro_f1": 0.38958603679458353,
          "binary_f1": 0.4022841557998807,
          "fnr": 0.4859507732520148,
          "per_class_f1": {
            "1": 0.599360698800519,
            "2": 0.3882561376866616,
            "3": 0.2914665304036791,
            "4": 0.2792607802874743
          },
          "class_3_f1": 0.2914665304036791,
          "class_4_f1": 0.2792607802874743
        },
        "test": {
          "macro_f1": 0.36077470858456223,
          "binary_f1": 0.37211955281770476,
          "fnr": 0.4537843268586738,
          "per_class_f1": {
            "1": 0.6651420061695564,
            "2": 0.3870056497175141,
            "3": 0.29398148148148145,
            "4": 0.09696969696969697
          },
          "class_3_f1": 0.29398148148148145,
          "class_4_f1": 0.09696969696969697
        }
      },
      {
        "group": "F",
        "model_type": "Threshold",
        "config": "Thresh(0.25)",
        "threshold": 0.25,
        "val": {
          "macro_f1": 0.38958603679458353,
          "binary_f1": 0.4022841557998807,
          "fnr": 0.4859507732520148,
          "per_class_f1": {
            "1": 0.599360698800519,
            "2": 0.3882561376866616,
            "3": 0.2914665304036791,
            "4": 0.2792607802874743
          },
          "class_3_f1": 0.2914665304036791,
          "class_4_f1": 0.2792607802874743
        },
        "test": {
          "macro_f1": 0.36077470858456223,
          "binary_f1": 0.37211955281770476,
          "fnr": 0.4537843268586738,
          "per_class_f1": {
            "1": 0.6651420061695564,
            "2": 0.3870056497175141,
            "3": 0.29398148148148145,
            "4": 0.09696969696969697
          },
          "class_3_f1": 0.29398148148148145,
          "class_4_f1": 0.09696969696969697
        }
      },
      {
        "group": "F",
        "model_type": "Threshold",
        "config": "Thresh(0.30)",
        "threshold": 0.3,
        "val": {
          "macro_f1": 0.38958603679458353,
          "binary_f1": 0.4022841557998807,
          "fnr": 0.4859507732520148,
          "per_class_f1": {
            "1": 0.599360698800519,
            "2": 0.3882561376866616,
            "3": 0.2914665304036791,
            "4": 0.2792607802874743
          },
          "class_3_f1": 0.2914665304036791,
          "class_4_f1": 0.2792607802874743
        },
        "test": {
          "macro_f1": 0.36077470858456223,
          "binary_f1": 0.37211955281770476,
          "fnr": 0.4537843268586738,
          "per_class_f1": {
            "1": 0.6651420061695564,
            "2": 0.3870056497175141,
            "3": 0.29398148148148145,
            "4": 0.09696969696969697
          },
          "class_3_f1": 0.29398148148148145,
          "class_4_f1": 0.09696969696969697
        }
      },
      {
        "group": "F",
        "model_type": "Threshold",
        "config": "Thresh(0.35)",
        "threshold": 0.35,
        "val": {
          "macro_f1": 0.38959610202978984,
          "binary_f1": 0.40238704177323104,
          "fnr": 0.4859507732520148,
          "per_class_f1": {
            "1": 0.599360698800519,
            "2": 0.388207009996204,
            "3": 0.2915559190349622,
            "4": 0.2792607802874743
          },
          "class_3_f1": 0.2915559190349622,
          "class_4_f1": 0.2792607802874743
        },
        "test": {
          "macro_f1": 0.3608275417899508,
          "binary_f1": 0.3723744292237443,
          "fnr": 0.4537843268586738,
          "per_class_f1": {
            "1": 0.6651420061695564,
            "2": 0.3869899698120557,
            "3": 0.2942084942084942,
            "4": 0.09696969696969697
          },
          "class_3_f1": 0.2942084942084942,
          "class_4_f1": 0.09696969696969697
        }
      },
      {
        "group": "F",
        "model_type": "Threshold",
        "config": "Thresh(0.40)",
        "threshold": 0.39999999999999997,
        "val": {
          "macro_f1": 0.39030862052855936,
          "binary_f1": 0.4037833190025795,
          "fnr": 0.48856458287954696,
          "per_class_f1": {
            "1": 0.599360698800519,
            "2": 0.3905245915410139,
            "3": 0.29208841148523035,
            "4": 0.2792607802874743
          },
          "class_3_f1": 0.29208841148523035,
          "class_4_f1": 0.2792607802874743
        },
        "test": {
          "macro_f1": 0.36235941391812304,
          "binary_f1": 0.37742422482870747,
          "fnr": 0.45579370395177493,
          "per_class_f1": {
            "1": 0.6651420061695564,
            "2": 0.38893991395562433,
            "3": 0.2983860385776145,
            "4": 0.09696969696969697
          },
          "class_3_f1": 0.2983860385776145,
          "class_4_f1": 0.09696969696969697
        }
      },
      {
        "group": "F",
        "model_type": "Threshold",
        "config": "Thresh(0.45)",
        "threshold": 0.44999999999999996,
        "val": {
          "macro_f1": 0.3919026394979193,
          "binary_f1": 0.40492864107791865,
          "fnr": 0.5025049008930517,
          "per_class_f1": {
            "1": 0.599360698800519,
            "2": 0.39804619587714213,
            "3": 0.28993576017130623,
            "4": 0.28026790314270994
          },
          "class_3_f1": 0.28993576017130623,
          "class_4_f1": 0.28026790314270994
        },
        "test": {
          "macro_f1": 0.3665062436366868,
          "binary_f1": 0.3887461773700306,
          "fnr": 0.4678499665103818,
          "per_class_f1": {
            "1": 0.6651420061695564,
            "2": 0.39643989963546844,
            "3": 0.3071786310517529,
            "4": 0.0972644376899696
          },
          "class_3_f1": 0.3071786310517529,
          "class_4_f1": 0.0972644376899696
        }
      },
      {
        "group": "F",
        "model_type": "Threshold",
        "config": "Thresh(0.50)",
        "threshold": 0.49999999999999994,
        "val": {
          "macro_f1": 0.39566332858770736,
          "binary_f1": 0.40927227816834505,
          "fnr": 0.530821171857983,
          "per_class_f1": {
            "1": 0.599360698800519,
            "2": 0.41400072251434994,
            "3": 0.2855151585550006,
            "4": 0.28377673448095986
          },
          "class_3_f1": 0.2855151585550006,
          "class_4_f1": 0.28377673448095986
        },
        "test": {
          "macro_f1": 0.37176866889266263,
          "binary_f1": 0.4019305536935246,
          "fnr": 0.4979906229068989,
          "per_class_f1": {
            "1": 0.6651420061695564,
            "2": 0.4067951829296213,
            "3": 0.31687750694230177,
            "4": 0.09825997952917093
          },
          "class_3_f1": 0.31687750694230177,
          "class_4_f1": 0.09825997952917093
        }
      }
    ]
  },
  "group_g": null
}